product_id,week_since_launch,weekly_rx,cumulative_rx
P001,1,1034,1034
P001,2,1118,2152
P001,3,1418,3571
P001,4,1628,5198
P001,5,1591,6789
P001,6,1863,8652
P001,7,2167,10819
P001,8,1732,12551
P001,9,2252,14803
P001,10,1958,16761
P001,11,2545,19306
P001,12,3134,22439
P001,13,2362,24801
P001,14,1921,26722
P001,15,2090,28812
P001,16,1726,30539
P001,17,2112,32651
P001,18,1812,34463
P001,19,1734,36196
P001,20,1549,37746
P001,21,1015,38761
P001,22,1181,39942
P001,23,1046,40988
P001,24,847,41834
P001,25,894,42729
P001,26,560,43289
P001,27,545,43834
P001,28,206,44040
P001,29,335,44375
P001,30,195,44570
P001,31,129,44699
P001,32,371,45070
P001,33,233,45303
P001,34,94,45397
P001,35,0,45397
P001,36,0,45397
P001,37,0,45397
P001,38,58,45454
P001,39,89,45543
P001,40,0,45543
P001,41,99,45643
P001,42,75,45717
P001,43,0,45717
P001,44,0,45717
P001,45,44,45761
P001,46,12,45773
P001,47,67,45840
P001,48,128,45969
P001,49,163,46132
P001,50,102,46234
P001,51,0,46234
P001,52,0,46234
P002,1,343,343
P002,2,494,838
P002,3,464,1302
P002,4,466,1768
P002,5,541,2310
P002,6,514,2824
P002,7,555,3379
P002,8,505,3884
P002,9,504,4388
P002,10,568,4956
P002,11,560,5516
P002,12,544,6061
P002,13,448,6509
P002,14,398,6907
P002,15,455,7361
P002,16,355,7716
P002,17,187,7903
P002,18,301,8204
P002,19,224,8428
P002,20,253,8681
P002,21,209,8890
P002,22,147,9038
P002,23,111,9148
P002,24,104,9252
P002,25,75,9327
P002,26,82,9409
P002,27,71,9479
P002,28,68,9547
P002,29,20,9568
P002,30,1,9569
P002,31,17,9586
P002,32,26,9611
P002,33,43,9654
P002,34,27,9681
P002,35,0,9681
P002,36,6,9687
P002,37,14,9701
P002,38,15,9717
P002,39,18,9735
P002,40,5,9740
P002,41,0,9740
P002,42,23,9763
P002,43,14,9778
P002,44,15,9793
P002,45,58,9850
P002,46,0,9850
P002,47,12,9862
P002,48,0,9862
P002,49,9,9871
P002,50,20,9891
P002,51,0,9891
P002,52,0,9891
P003,1,60,60
P003,2,44,104
P003,3,42,145
P003,4,47,193
P003,5,47,240
P003,6,63,303
P003,7,58,361
P003,8,92,453
P003,9,69,522
P003,10,90,612
P003,11,67,679
P003,12,97,776
P003,13,97,873
P003,14,125,999
P003,15,64,1062
P003,16,88,1150
P003,17,122,1272
P003,18,101,1373
P003,19,97,1470
P003,20,134,1604
P003,21,110,1714
P003,22,154,1867
P003,23,124,1992
P003,24,112,2103
P003,25,115,2218
P003,26,108,2326
P003,27,131,2457
P003,28,125,2582
P003,29,117,2699
P003,30,126,2825
P003,31,135,2960
P003,32,112,3072
P003,33,119,3190
P003,34,92,3283
P003,35,91,3374
P003,36,101,3474
P003,37,79,3553
P003,38,90,3642
P003,39,75,3717
P003,40,51,3768
P003,41,52,3820
P003,42,53,3873
P003,43,23,3896
P003,44,50,3946
P003,45,35,3982
P003,46,48,4030
P003,47,61,4090
P003,48,40,4130
P003,49,28,4158
P003,50,31,4189
P003,51,39,4228
P003,52,45,4273
P004,1,1449,1449
P004,2,1631,3080
P004,3,1477,4557
P004,4,2100,6657
P004,5,2016,8673
P004,6,1802,10476
P004,7,1938,12414
P004,8,2896,15310
P004,9,1880,17190
P004,10,2720,19910
P004,11,2052,21961
P004,12,2939,24900
P004,13,2408,27308
P004,14,2203,29511
P004,15,1742,31253
P004,16,1392,32645
P004,17,1402,34047
P004,18,1169,35216
P004,19,879,36096
P004,20,791,36887
P004,21,696,37583
P004,22,478,38061
P004,23,582,38643
P004,24,416,39059
P004,25,185,39244
P004,26,448,39692
P004,27,238,39931
P004,28,275,40206
P004,29,0,40206
P004,30,66,40271
P004,31,89,40360
P004,32,0,40360
P004,33,24,40384
P004,34,16,40400
P004,35,150,40550
P004,36,0,40550
P004,37,77,40628
P004,38,107,40734
P004,39,186,40920
P004,40,77,40997
P004,41,0,40997
P004,42,0,40997
P004,43,29,41026
P004,44,122,41148
P004,45,0,41148
P004,46,50,41198
P004,47,0,41198
P004,48,0,41198
P004,49,0,41198
P004,50,0,41198
P004,51,70,41268
P004,52,0,41268
P005,1,4,4
P005,2,0,4
P005,3,0,4
P005,4,32,35
P005,5,17,52
P005,6,26,78
P005,7,0,78
P005,8,20,98
P005,9,0,98
P005,10,45,143
P005,11,34,177
P005,12,22,199
P005,13,0,199
P005,14,16,215
P005,15,5,220
P005,16,23,243
P005,17,36,279
P005,18,41,320
P005,19,62,382
P005,20,31,412
P005,21,64,476
P005,22,27,503
P005,23,55,559
P005,24,39,598
P005,25,46,644
P005,26,43,687
P005,27,36,723
P005,28,99,822
P005,29,44,867
P005,30,56,923
P005,31,66,989
P005,32,66,1055
P005,33,26,1080
P005,34,76,1156
P005,35,48,1203
P005,36,58,1262
P005,37,68,1330
P005,38,45,1374
P005,39,75,1450
P005,40,43,1493
P005,41,35,1528
P005,42,54,1582
P005,43,73,1655
P005,44,84,1738
P005,45,63,1802
P005,46,101,1902
P005,47,74,1976
P005,48,74,2049
P005,49,79,2128
P005,50,127,2255
P005,51,74,2330
P005,52,128,2457
P006,1,83,83
P006,2,99,182
P006,3,71,253
P006,4,83,336
P006,5,86,423
P006,6,154,577
P006,7,65,642
P006,8,9,652
P006,9,74,726
P006,10,112,838
P006,11,120,958
P006,12,151,1109
P006,13,147,1256
P006,14,47,1302
P006,15,90,1392
P006,16,180,1572
P006,17,154,1726
P006,18,155,1881
P006,19,240,2121
P006,20,204,2324
P006,21,305,2629
P006,22,373,3002
P006,23,260,3263
P006,24,282,3544
P006,25,267,3811
P006,26,326,4137
P006,27,399,4536
P006,28,410,4946
P006,29,302,5248
P006,30,620,5868
P006,31,397,6265
P006,32,453,6718
P006,33,494,7212
P006,34,500,7712
P006,35,407,8118
P006,36,518,8637
P006,37,501,9138
P006,38,570,9708
P006,39,749,10456
P006,40,570,11027
P006,41,534,11561
P006,42,635,12196
P006,43,672,12868
P006,44,570,13438
P006,45,705,14143
P006,46,851,14994
P006,47,795,15789
P006,48,606,16395
P006,49,575,16971
P006,50,521,17491
P006,51,580,18071
P006,52,675,18746
P007,1,161,161
P007,2,116,277
P007,3,206,484
P007,4,147,631
P007,5,165,795
P007,6,247,1043
P007,7,168,1210
P007,8,215,1425
P007,9,301,1726
P007,10,215,1941
P007,11,274,2215
P007,12,292,2506
P007,13,252,2758
P007,14,291,3049
P007,15,301,3350
P007,16,306,3657
P007,17,340,3997
P007,18,316,4313
P007,19,263,4576
P007,20,328,4904
P007,21,321,5225
P007,22,245,5470
P007,23,307,5777
P007,24,290,6067
P007,25,321,6388
P007,26,217,6605
P007,27,298,6903
P007,28,238,7141
P007,29,255,7396
P007,30,227,7623
P007,31,199,7822
P007,32,154,7976
P007,33,180,8156
P007,34,153,8309
P007,35,158,8467
P007,36,97,8564
P007,37,127,8691
P007,38,56,8748
P007,39,68,8816
P007,40,62,8878
P007,41,66,8944
P007,42,61,9005
P007,43,72,9077
P007,44,44,9122
P007,45,60,9182
P007,46,47,9229
P007,47,60,9289
P007,48,43,9331
P007,49,26,9357
P007,50,21,9378
P007,51,41,9419
P007,52,7,9426
P008,1,11,11
P008,2,20,31
P008,3,34,64
P008,4,22,87
P008,5,26,113
P008,6,16,130
P008,7,23,153
P008,8,22,175
P008,9,38,213
P008,10,24,236
P008,11,24,260
P008,12,25,286
P008,13,37,323
P008,14,31,354
P008,15,49,404
P008,16,45,449
P008,17,38,487
P008,18,44,531
P008,19,46,577
P008,20,54,631
P008,21,39,670
P008,22,29,699
P008,23,57,756
P008,24,38,795
P008,25,51,846
P008,26,62,907
P008,27,44,952
P008,28,53,1005
P008,29,52,1057
P008,30,49,1105
P008,31,57,1163
P008,32,66,1228
P008,33,44,1272
P008,34,42,1314
P008,35,47,1361
P008,36,36,1398
P008,37,36,1434
P008,38,40,1474
P008,39,60,1534
P008,40,39,1573
P008,41,43,1616
P008,42,43,1660
P008,43,35,1694
P008,44,39,1733
P008,45,34,1767
P008,46,32,1800
P008,47,39,1838
P008,48,31,1870
P008,49,34,1904
P008,50,30,1934
P008,51,28,1962
P008,52,20,1982
P009,1,93,93
P009,2,49,142
P009,3,43,185
P009,4,20,205
P009,5,60,265
P009,6,26,291
P009,7,69,360
P009,8,86,446
P009,9,92,539
P009,10,103,642
P009,11,77,718
P009,12,118,837
P009,13,122,958
P009,14,81,1040
P009,15,154,1193
P009,16,172,1366
P009,17,132,1498
P009,18,239,1737
P009,19,248,1985
P009,20,212,2196
P009,21,228,2424
P009,22,256,2680
P009,23,240,2920
P009,24,228,3148
P009,25,263,3412
P009,26,223,3635
P009,27,360,3994
P009,28,353,4348
P009,29,355,4703
P009,30,403,5106
P009,31,414,5520
P009,32,462,5982
P009,33,530,6512
P009,34,351,6863
P009,35,418,7281
P009,36,487,7768
P009,37,425,8193
P009,38,435,8628
P009,39,634,9262
P009,40,474,9736
P009,41,335,10071
P009,42,338,10409
P009,43,537,10946
P009,44,434,11380
P009,45,438,11818
P009,46,415,12232
P009,47,360,12593
P009,48,234,12826
P009,49,338,13164
P009,50,277,13441
P009,51,237,13677
P009,52,274,13951
P010,1,512,512
P010,2,602,1114
P010,3,593,1707
P010,4,488,2195
P010,5,588,2783
P010,6,596,3379
P010,7,606,3984
P010,8,638,4622
P010,9,407,5028
P010,10,652,5680
P010,11,393,6073
P010,12,568,6641
P010,13,559,7200
P010,14,418,7618
P010,15,545,8163
P010,16,579,8742
P010,17,534,9276
P010,18,478,9754
P010,19,498,10253
P010,20,543,10796
P010,21,428,11224
P010,22,456,11680
P010,23,556,12236
P010,24,426,12662
P010,25,481,13143
P010,26,509,13652
P010,27,379,14031
P010,28,385,14416
P010,29,432,14847
P010,30,418,15265
P010,31,468,15733
P010,32,327,16060
P010,33,262,16322
P010,34,342,16664
P010,35,313,16977
P010,36,288,17265
P010,37,263,17528
P010,38,315,17843
P010,39,275,18117
P010,40,212,18329
P010,41,282,18610
P010,42,286,18896
P010,43,395,19292
P010,44,141,19433
P010,45,157,19590
P010,46,163,19753
P010,47,182,19934
P010,48,210,20145
P010,49,218,20362
P010,50,262,20624
P010,51,82,20706
P010,52,57,20762
P011,1,454,454
P011,2,529,983
P011,3,553,1535
P011,4,410,1945
P011,5,530,2475
P011,6,408,2883
P011,7,538,3420
P011,8,479,3900
P011,9,555,4454
P011,10,654,5108
P011,11,535,5643
P011,12,631,6274
P011,13,578,6852
P011,14,694,7546
P011,15,657,8203
P011,16,566,8769
P011,17,524,9294
P011,18,454,9747
P011,19,490,10238
P011,20,430,10667
P011,21,530,11197
P011,22,617,11814
P011,23,514,12328
P011,24,350,12678
P011,25,491,13169
P011,26,371,13540
P011,27,366,13906
P011,28,424,14330
P011,29,278,14608
P011,30,411,15018
P011,31,244,15263
P011,32,284,15547
P011,33,297,15844
P011,34,304,16148
P011,35,230,16378
P011,36,225,16603
P011,37,282,16885
P011,38,136,17021
P011,39,189,17210
P011,40,204,17414
P011,41,218,17632
P011,42,86,17718
P011,43,162,17880
P011,44,149,18029
P011,45,152,18181
P011,46,26,18207
P011,47,118,18325
P011,48,130,18455
P011,49,142,18597
P011,50,112,18709
P011,51,116,18825
P011,52,138,18962
P012,1,107,107
P012,2,175,282
P012,3,158,440
P012,4,226,666
P012,5,124,790
P012,6,142,932
P012,7,78,1010
P012,8,180,1190
P012,9,229,1419
P012,10,234,1653
P012,11,237,1890
P012,12,262,2153
P012,13,243,2396
P012,14,241,2637
P012,15,319,2956
P012,16,259,3215
P012,17,335,3550
P012,18,210,3760
P012,19,239,3999
P012,20,342,4342
P012,21,304,4646
P012,22,249,4895
P012,23,288,5183
P012,24,382,5565
P012,25,366,5931
P012,26,379,6310
P012,27,247,6556
P012,28,322,6878
P012,29,265,7143
P012,30,316,7459
P012,31,342,7801
P012,32,313,8114
P012,33,262,8376
P012,34,210,8586
P012,35,315,8901
P012,36,356,9257
P012,37,216,9472
P012,38,328,9800
P012,39,309,10109
P012,40,194,10303
P012,41,209,10512
P012,42,199,10711
P012,43,226,10937
P012,44,146,11084
P012,45,164,11248
P012,46,160,11408
P012,47,134,11542
P012,48,159,11701
P012,49,88,11789
P012,50,173,11963
P012,51,72,12035
P012,52,83,12118
P013,1,1170,1170
P013,2,1102,2273
P013,3,1352,3624
P013,4,1634,5258
P013,5,1916,7174
P013,6,1553,8727
P013,7,1558,10285
P013,8,1653,11938
P013,9,1844,13782
P013,10,2360,16142
P013,11,1929,18071
P013,12,2492,20563
P013,13,2118,22681
P013,14,1386,24067
P013,15,2264,26331
P013,16,2014,28344
P013,17,2548,30892
P013,18,1818,32710
P013,19,2096,34806
P013,20,1853,36660
P013,21,1629,38288
P013,22,1237,39525
P013,23,1555,41080
P013,24,1272,42352
P013,25,1146,43497
P013,26,1246,44743
P013,27,1219,45962
P013,28,899,46861
P013,29,792,47653
P013,30,716,48369
P013,31,510,48879
P013,32,661,49540
P013,33,249,49788
P013,34,193,49981
P013,35,302,50283
P013,36,209,50492
P013,37,218,50710
P013,38,371,51081
P013,39,176,51258
P013,40,224,51481
P013,41,87,51569
P013,42,0,51569
P013,43,220,51788
P013,44,310,52098
P013,45,115,52213
P013,46,78,52291
P013,47,88,52379
P013,48,225,52604
P013,49,148,52752
P013,50,131,52882
P013,51,160,53042
P013,52,36,53078
P014,1,1273,1273
P014,2,2804,4077
P014,3,3098,7176
P014,4,3743,10919
P014,5,4586,15505
P014,6,4761,20266
P014,7,4575,24840
P014,8,6729,31569
P014,9,6752,38321
P014,10,6200,44521
P014,11,8502,53023
P014,12,5865,58888
P014,13,9226,68114
P014,14,6552,74666
P014,15,8153,82818
P014,16,7251,90070
P014,17,6737,96807
P014,18,6835,103642
P014,19,5832,109474
P014,20,5581,115054
P014,21,3848,118902
P014,22,4412,123315
P014,23,3505,126819
P014,24,3188,130007
P014,25,2244,132251
P014,26,2101,134352
P014,27,1374,135726
P014,28,1307,137033
P014,29,1007,138040
P014,30,358,138398
P014,31,1298,139695
P014,32,889,140584
P014,33,923,141507
P014,34,857,142364
P014,35,382,142746
P014,36,0,142746
P014,37,894,143640
P014,38,627,144266
P014,39,146,144412
P014,40,0,144412
P014,41,449,144862
P014,42,0,144862
P014,43,56,144917
P014,44,189,145106
P014,45,76,145182
P014,46,132,145314
P014,47,0,145314
P014,48,163,145477
P014,49,0,145477
P014,50,361,145838
P014,51,0,145838
P014,52,0,145838
P015,1,70,70
P015,2,70,139
P015,3,55,194
P015,4,71,266
P015,5,54,319
P015,6,79,398
P015,7,65,463
P015,8,71,534
P015,9,83,617
P015,10,91,708
P015,11,77,786
P015,12,76,862
P015,13,79,941
P015,14,83,1024
P015,15,71,1096
P015,16,60,1156
P015,17,70,1226
P015,18,70,1296
P015,19,60,1356
P015,20,54,1410
P015,21,48,1458
P015,22,49,1506
P015,23,50,1557
P015,24,40,1597
P015,25,45,1642
P015,26,32,1674
P015,27,29,1703
P015,28,28,1731
P015,29,23,1754
P015,30,21,1775
P015,31,19,1794
P015,32,15,1808
P015,33,16,1825
P015,34,15,1840
P015,35,16,1856
P015,36,13,1869
P015,37,11,1881
P015,38,17,1898
P015,39,3,1900
P015,40,14,1914
P015,41,11,1925
P015,42,0,1926
P015,43,0,1926
P015,44,10,1936
P015,45,0,1936
P015,46,3,1939
P015,47,9,1948
P015,48,6,1954
P015,49,5,1959
P015,50,6,1964
P015,51,5,1970
P015,52,3,1973
P016,1,18,18
P016,2,15,33
P016,3,23,56
P016,4,31,87
P016,5,29,116
P016,6,41,157
P016,7,53,210
P016,8,49,259
P016,9,65,324
P016,10,72,396
P016,11,74,470
P016,12,99,569
P016,13,80,648
P016,14,100,749
P016,15,109,858
P016,16,110,968
P016,17,132,1100
P016,18,140,1241
P016,19,127,1368
P016,20,97,1466
P016,21,132,1597
P016,22,97,1694
P016,23,105,1798
P016,24,73,1872
P016,25,82,1953
P016,26,60,2013
P016,27,63,2076
P016,28,51,2127
P016,29,31,2159
P016,30,37,2196
P016,31,19,2214
P016,32,34,2249
P016,33,28,2276
P016,34,18,2294
P016,35,12,2306
P016,36,18,2325
P016,37,12,2336
P016,38,14,2351
P016,39,9,2359
P016,40,8,2367
P016,41,5,2372
P016,42,1,2373
P016,43,10,2383
P016,44,0,2383
P016,45,7,2390
P016,46,4,2395
P016,47,4,2399
P016,48,0,2399
P016,49,5,2404
P016,50,0,2404
P016,51,9,2413
P016,52,2,2415
P017,1,145,145
P017,2,176,321
P017,3,184,505
P017,4,172,676
P017,5,235,912
P017,6,214,1126
P017,7,229,1355
P017,8,189,1544
P017,9,235,1779
P017,10,246,2024
P017,11,267,2291
P017,12,247,2538
P017,13,188,2726
P017,14,206,2932
P017,15,215,3147
P017,16,189,3336
P017,17,213,3549
P017,18,182,3731
P017,19,139,3870
P017,20,155,4025
P017,21,164,4189
P017,22,180,4369
P017,23,126,4495
P017,24,145,4640
P017,25,112,4753
P017,26,78,4831
P017,27,97,4928
P017,28,112,5040
P017,29,77,5117
P017,30,92,5209
P017,31,54,5264
P017,32,47,5311
P017,33,48,5359
P017,34,24,5383
P017,35,37,5420
P017,36,51,5471
P017,37,55,5526
P017,38,43,5568
P017,39,41,5610
P017,40,27,5637
P017,41,18,5654
P017,42,26,5680
P017,43,14,5694
P017,44,29,5723
P017,45,9,5732
P017,46,12,5744
P017,47,25,5769
P017,48,8,5777
P017,49,26,5803
P017,50,0,5803
P017,51,5,5808
P017,52,11,5820
P018,1,14,14
P018,2,30,44
P018,3,20,64
P018,4,20,83
P018,5,17,100
P018,6,18,118
P018,7,30,148
P018,8,20,168
P018,9,22,190
P018,10,35,225
P018,11,29,254
P018,12,12,266
P018,13,34,301
P018,14,36,337
P018,15,38,375
P018,16,32,407
P018,17,43,450
P018,18,41,491
P018,19,37,529
P018,20,40,569
P018,21,18,587
P018,22,37,624
P018,23,42,666
P018,24,45,711
P018,25,43,754
P018,26,38,792
P018,27,40,832
P018,28,48,880
P018,29,47,927
P018,30,42,969
P018,31,40,1009
P018,32,41,1049
P018,33,39,1088
P018,34,53,1141
P018,35,48,1189
P018,36,36,1225
P018,37,39,1264
P018,38,48,1311
P018,39,47,1358
P018,40,44,1403
P018,41,45,1447
P018,42,27,1474
P018,43,47,1522
P018,44,37,1559
P018,45,43,1602
P018,46,24,1626
P018,47,20,1646
P018,48,31,1677
P018,49,40,1717
P018,50,23,1741
P018,51,30,1770
P018,52,20,1790
P019,1,91,91
P019,2,12,103
P019,3,122,225
P019,4,88,313
P019,5,148,460
P019,6,83,543
P019,7,159,702
P019,8,145,847
P019,9,255,1102
P019,10,252,1354
P019,11,229,1582
P019,12,342,1925
P019,13,295,2219
P019,14,358,2577
P019,15,412,2989
P019,16,517,3506
P019,17,621,4127
P019,18,446,4573
P019,19,560,5133
P019,20,520,5653
P019,21,594,6247
P019,22,706,6952
P019,23,822,7774
P019,24,731,8505
P019,25,746,9251
P019,26,853,10104
P019,27,686,10790
P019,28,669,11460
P019,29,799,12258
P019,30,589,12848
P019,31,446,13293
P019,32,639,13932
P019,33,478,14410
P019,34,449,14859
P019,35,452,15311
P019,36,374,15685
P019,37,463,16148
P019,38,343,16491
P019,39,339,16829
P019,40,278,17108
P019,41,291,17399
P019,42,181,17580
P019,43,198,17779
P019,44,175,17953
P019,45,167,18120
P019,46,73,18193
P019,47,103,18296
P019,48,165,18461
P019,49,96,18557
P019,50,49,18606
P019,51,26,18632
P019,52,56,18688
P020,1,306,306
P020,2,267,573
P020,3,252,825
P020,4,170,995
P020,5,448,1443
P020,6,346,1789
P020,7,298,2087
P020,8,630,2717
P020,9,707,3424
P020,10,736,4160
P020,11,923,5083
P020,12,756,5839
P020,13,1086,6925
P020,14,1306,8231
P020,15,1222,9453
P020,16,1210,10663
P020,17,1297,11960
P020,18,1886,13846
P020,19,1437,15283
P020,20,1739,17022
P020,21,2309,19331
P020,22,2322,21652
P020,23,2364,24017
P020,24,2225,26242
P020,25,2510,28752
P020,26,3245,31997
P020,27,3094,35091
P020,28,2534,37625
P020,29,3249,40874
P020,30,3069,43943
P020,31,2408,46350
P020,32,3362,49713
P020,33,2311,52024
P020,34,2555,54579
P020,35,2052,56631
P020,36,2358,58990
P020,37,2079,61068
P020,38,2348,63417
P020,39,2232,65649
P020,40,1745,67394
P020,41,1966,69360
P020,42,1894,71254
P020,43,1474,72728
P020,44,1528,74256
P020,45,1097,75353
P020,46,1152,76506
P020,47,983,77489
P020,48,640,78128
P020,49,1207,79336
P020,50,956,80291
P020,51,282,80573
P020,52,426,80999
P021,1,409,409
P021,2,531,939
P021,3,450,1389
P021,4,681,2070
P021,5,697,2768
P021,6,758,3526
P021,7,800,4326
P021,8,664,4990
P021,9,675,5665
P021,10,784,6449
P021,11,745,7194
P021,12,634,7828
P021,13,752,8580
P021,14,624,9204
P021,15,696,9900
P021,16,597,10496
P021,17,629,11125
P021,18,485,11610
P021,19,407,12017
P021,20,476,12493
P021,21,302,12796
P021,22,317,13112
P021,23,295,13407
P021,24,240,13647
P021,25,155,13802
P021,26,198,14001
P021,27,104,14104
P021,28,194,14298
P021,29,123,14421
P021,30,105,14526
P021,31,65,14591
P021,32,80,14671
P021,33,55,14726
P021,34,47,14774
P021,35,38,14811
P021,36,61,14872
P021,37,24,14897
P021,38,50,14947
P021,39,63,15010
P021,40,121,15131
P021,41,36,15167
P021,42,0,15167
P021,43,0,15167
P021,44,8,15176
P021,45,44,15220
P021,46,5,15225
P021,47,42,15267
P021,48,0,15267
P021,49,10,15278
P021,50,33,15311
P021,51,22,15333
P021,52,0,15333
P022,1,817,817
P022,2,842,1659
P022,3,1031,2690
P022,4,1145,3835
P022,5,1330,5165
P022,6,1126,6292
P022,7,1759,8050
P022,8,1652,9702
P022,9,1607,11309
P022,10,1723,13032
P022,11,1466,14498
P022,12,1732,16231
P022,13,1366,17597
P022,14,940,18536
P022,15,1195,19731
P022,16,1246,20977
P022,17,817,21794
P022,18,902,22696
P022,19,734,23430
P022,20,748,24178
P022,21,648,24826
P022,22,369,25195
P022,23,445,25640
P022,24,414,26054
P022,25,275,26329
P022,26,293,26622
P022,27,365,26987
P022,28,183,27170
P022,29,177,27347
P022,30,40,27387
P022,31,46,27434
P022,32,30,27464
P022,33,106,27570
P022,34,18,27588
P022,35,0,27588
P022,36,68,27656
P022,37,0,27656
P022,38,0,27656
P022,39,65,27721
P022,40,56,27776
P022,41,0,27776
P022,42,19,27795
P022,43,0,27795
P022,44,17,27812
P022,45,18,27830
P022,46,8,27838
P022,47,69,27908
P022,48,172,28080
P022,49,27,28107
P022,50,116,28223
P022,51,0,28223
P022,52,0,28223
P023,1,521,521
P023,2,616,1138
P023,3,640,1778
P023,4,902,2679
P023,5,720,3399
P023,6,744,4144
P023,7,718,4862
P023,8,849,5711
P023,9,725,6436
P023,10,905,7340
P023,11,877,8217
P023,12,675,8892
P023,13,627,9519
P023,14,748,10266
P023,15,491,10758
P023,16,518,11276
P023,17,740,12016
P023,18,443,12458
P023,19,471,12929
P023,20,445,13374
P023,21,366,13740
P023,22,299,14039
P023,23,336,14374
P023,24,257,14631
P023,25,298,14930
P023,26,274,15204
P023,27,235,15439
P023,28,172,15611
P023,29,100,15710
P023,30,102,15812
P023,31,159,15971
P023,32,127,16098
P023,33,86,16184
P023,34,69,16252
P023,35,93,16345
P023,36,51,16396
P023,37,50,16446
P023,38,60,16506
P023,39,47,16553
P023,40,5,16558
P023,41,41,16599
P023,42,36,16635
P023,43,20,16654
P023,44,0,16654
P023,45,4,16659
P023,46,0,16659
P023,47,25,16684
P023,48,0,16684
P023,49,59,16743
P023,50,49,16792
P023,51,22,16814
P023,52,35,16849
P024,1,24,24
P024,2,24,48
P024,3,31,80
P024,4,37,117
P024,5,46,163
P024,6,53,216
P024,7,59,276
P024,8,62,337
P024,9,64,401
P024,10,81,482
P024,11,100,581
P024,12,93,674
P024,13,102,776
P024,14,114,890
P024,15,138,1028
P024,16,98,1126
P024,17,123,1249
P024,18,116,1365
P024,19,95,1460
P024,20,71,1531
P024,21,86,1617
P024,22,64,1681
P024,23,81,1762
P024,24,57,1819
P024,25,56,1875
P024,26,39,1914
P024,27,32,1946
P024,28,42,1988
P024,29,24,2012
P024,30,25,2037
P024,31,8,2045
P024,32,20,2066
P024,33,9,2075
P024,34,12,2086
P024,35,2,2088
P024,36,11,2099
P024,37,8,2107
P024,38,2,2108
P024,39,0,2108
P024,40,8,2117
P024,41,4,2120
P024,42,3,2123
P024,43,0,2123
P024,44,1,2125
P024,45,2,2126
P024,46,6,2132
P024,47,4,2136
P024,48,0,2136
P024,49,0,2136
P024,50,0,2136
P024,51,1,2137
P024,52,0,2137
P025,1,91,91
P025,2,71,162
P025,3,94,257
P025,4,110,367
P025,5,122,489
P025,6,121,610
P025,7,130,740
P025,8,118,857
P025,9,136,994
P025,10,129,1123
P025,11,135,1258
P025,12,144,1401
P025,13,119,1520
P025,14,105,1625
P025,15,168,1794
P025,16,182,1976
P025,17,108,2084
P025,18,197,2281
P025,19,179,2459
P025,20,172,2631
P025,21,197,2828
P025,22,159,2987
P025,23,174,3161
P025,24,239,3399
P025,25,230,3629
P025,26,155,3784
P025,27,177,3962
P025,28,156,4118
P025,29,162,4280
P025,30,152,4433
P025,31,146,4578
P025,32,164,4743
P025,33,160,4903
P025,34,172,5076
P025,35,160,5236
P025,36,162,5398
P025,37,136,5533
P025,38,138,5671
P025,39,149,5820
P025,40,134,5954
P025,41,147,6101
P025,42,127,6228
P025,43,132,6360
P025,44,116,6477
P025,45,90,6567
P025,46,145,6712
P025,47,84,6796
P025,48,70,6866
P025,49,80,6946
P025,50,43,6989
P025,51,34,7023
P025,52,112,7135
P026,1,245,245
P026,2,367,611
P026,3,427,1038
P026,4,358,1396
P026,5,439,1836
P026,6,393,2229
P026,7,399,2628
P026,8,338,2966
P026,9,535,3501
P026,10,521,4022
P026,11,624,4646
P026,12,594,5240
P026,13,552,5792
P026,14,475,6267
P026,15,645,6912
P026,16,446,7358
P026,17,594,7952
P026,18,463,8415
P026,19,398,8813
P026,20,775,9588
P026,21,481,10069
P026,22,685,10753
P026,23,524,11277
P026,24,670,11947
P026,25,548,12495
P026,26,472,12967
P026,27,541,13508
P026,28,539,14048
P026,29,490,14537
P026,30,614,15152
P026,31,318,15470
P026,32,523,15993
P026,33,545,16538
P026,34,446,16984
P026,35,527,17511
P026,36,420,17931
P026,37,543,18474
P026,38,470,18944
P026,39,476,19420
P026,40,374,19793
P026,41,420,20214
P026,42,393,20607
P026,43,254,20860
P026,44,416,21276
P026,45,371,21647
P026,46,350,21997
P026,47,271,22268
P026,48,198,22466
P026,49,278,22744
P026,50,312,23056
P026,51,166,23222
P026,52,346,23568
P027,1,80,80
P027,2,75,155
P027,3,104,259
P027,4,84,343
P027,5,132,476
P027,6,147,622
P027,7,168,790
P027,8,198,988
P027,9,168,1156
P027,10,241,1397
P027,11,220,1617
P027,12,180,1797
P027,13,169,1966
P027,14,209,2175
P027,15,199,2374
P027,16,197,2571
P027,17,217,2789
P027,18,190,2979
P027,19,150,3129
P027,20,134,3263
P027,21,107,3370
P027,22,75,3445
P027,23,94,3539
P027,24,60,3599
P027,25,89,3688
P027,26,75,3763
P027,27,49,3812
P027,28,34,3847
P027,29,41,3888
P027,30,23,3911
P027,31,37,3947
P027,32,30,3977
P027,33,0,3977
P027,34,15,3992
P027,35,16,4008
P027,36,17,4025
P027,37,1,4026
P027,38,10,4037
P027,39,15,4052
P027,40,0,4052
P027,41,0,4052
P027,42,8,4060
P027,43,8,4068
P027,44,14,4082
P027,45,4,4085
P027,46,4,4089
P027,47,0,4089
P027,48,12,4101
P027,49,12,4114
P027,50,0,4114
P027,51,0,4114
P027,52,0,4114
P028,1,292,292
P028,2,260,553
P028,3,472,1024
P028,4,492,1516
P028,5,692,2208
P028,6,616,2823
P028,7,629,3452
P028,8,665,4117
P028,9,673,4790
P028,10,857,5647
P028,11,972,6620
P028,12,828,7448
P028,13,740,8188
P028,14,752,8940
P028,15,581,9521
P028,16,426,9947
P028,17,397,10343
P028,18,441,10784
P028,19,298,11082
P028,20,229,11310
P028,21,218,11529
P028,22,191,11720
P028,23,125,11845
P028,24,106,11951
P028,25,111,12062
P028,26,132,12194
P028,27,50,12244
P028,28,29,12273
P028,29,52,12325
P028,30,48,12374
P028,31,33,12407
P028,32,57,12464
P028,33,8,12472
P028,34,17,12489
P028,35,0,12489
P028,36,0,12489
P028,37,0,12489
P028,38,1,12490
P028,39,0,12490
P028,40,18,12507
P028,41,0,12507
P028,42,58,12565
P028,43,0,12565
P028,44,3,12569
P028,45,0,12569
P028,46,0,12569
P028,47,0,12569
P028,48,0,12569
P028,49,23,12592
P028,50,10,12602
P028,51,15,12617
P028,52,22,12639
P029,1,71,71
P029,2,54,124
P029,3,23,148
P029,4,50,198
P029,5,15,214
P029,6,44,258
P029,7,28,286
P029,8,44,330
P029,9,11,340
P029,10,0,340
P029,11,36,377
P029,12,100,477
P029,13,68,545
P029,14,101,646
P029,15,28,674
P029,16,32,706
P029,17,167,872
P029,18,35,908
P029,19,82,990
P029,20,79,1068
P029,21,98,1166
P029,22,96,1262
P029,23,45,1307
P029,24,80,1387
P029,25,0,1387
P029,26,156,1542
P029,27,107,1650
P029,28,64,1714
P029,29,59,1773
P029,30,130,1903
P029,31,72,1976
P029,32,58,2034
P029,33,62,2096
P029,34,133,2229
P029,35,141,2370
P029,36,89,2459
P029,37,134,2594
P029,38,111,2705
P029,39,63,2768
P029,40,160,2929
P029,41,73,3002
P029,42,113,3115
P029,43,178,3293
P029,44,174,3466
P029,45,99,3565
P029,46,149,3714
P029,47,83,3797
P029,48,166,3963
P029,49,88,4052
P029,50,139,4190
P029,51,200,4391
P029,52,88,4479
P030,1,520,520
P030,2,486,1006
P030,3,564,1569
P030,4,522,2091
P030,5,691,2782
P030,6,652,3434
P030,7,498,3932
P030,8,587,4519
P030,9,524,5043
P030,10,601,5645
P030,11,532,6177
P030,12,756,6933
P030,13,631,7564
P030,14,517,8081
P030,15,765,8846
P030,16,646,9492
P030,17,549,10040
P030,18,502,10542
P030,19,329,10871
P030,20,502,11374
P030,21,415,11788
P030,22,692,12480
P030,23,471,12951
P030,24,578,13529
P030,25,442,13971
P030,26,489,14460
P030,27,420,14880
P030,28,547,15427
P030,29,512,15939
P030,30,452,16391
P030,31,562,16953
P030,32,279,17231
P030,33,388,17619
P030,34,384,18003
P030,35,416,18419
P030,36,291,18711
P030,37,409,19120
P030,38,317,19437
P030,39,278,19715
P030,40,284,19999
P030,41,175,20174
P030,42,229,20403
P030,43,239,20642
P030,44,201,20844
P030,45,232,21076
P030,46,212,21288
P030,47,109,21397
P030,48,117,21515
P030,49,268,21783
P030,50,170,21953
P030,51,153,22106
P030,52,130,22237
P031,1,14,14
P031,2,165,180
P031,3,7,187
P031,4,122,309
P031,5,180,489
P031,6,189,678
P031,7,134,811
P031,8,261,1072
P031,9,202,1274
P031,10,201,1475
P031,11,282,1756
P031,12,277,2033
P031,13,338,2372
P031,14,262,2633
P031,15,516,3150
P031,16,505,3654
P031,17,622,4276
P031,18,568,4844
P031,19,714,5558
P031,20,688,6246
P031,21,824,7070
P031,22,1115,8184
P031,23,693,8877
P031,24,1008,9885
P031,25,1088,10973
P031,26,1144,12118
P031,27,1014,13132
P031,28,1569,14701
P031,29,1123,15823
P031,30,1174,16997
P031,31,1225,18222
P031,32,1312,19534
P031,33,1054,20588
P031,34,1084,21672
P031,35,1272,22945
P031,36,949,23893
P031,37,933,24826
P031,38,758,25584
P031,39,968,26551
P031,40,707,27258
P031,41,695,27953
P031,42,509,28462
P031,43,621,29083
P031,44,470,29554
P031,45,329,29882
P031,46,450,30332
P031,47,337,30670
P031,48,445,31115
P031,49,289,31404
P031,50,99,31504
P031,51,293,31796
P031,52,193,31989
P032,1,866,866
P032,2,976,1842
P032,3,1997,3840
P032,4,1068,4908
P032,5,2028,6936
P032,6,2454,9390
P032,7,3099,12490
P032,8,3170,15660
P032,9,3510,19170
P032,10,4137,23307
P032,11,5353,28660
P032,12,5278,33938
P032,13,4170,38107
P032,14,5152,43259
P032,15,4493,47752
P032,16,4054,51806
P032,17,4164,55970
P032,18,4976,60946
P032,19,4317,65262
P032,20,3509,68772
P032,21,2644,71415
P032,22,2694,74109
P032,23,2000,76109
P032,24,1910,78019
P032,25,1711,79730
P032,26,1742,81472
P032,27,947,82419
P032,28,652,83071
P032,29,836,83907
P032,30,472,84379
P032,31,396,84775
P032,32,415,85191
P032,33,677,85867
P032,34,218,86085
P032,35,0,86085
P032,36,212,86297
P032,37,97,86394
P032,38,117,86512
P032,39,154,86666
P032,40,320,86986
P032,41,0,86986
P032,42,0,86986
P032,43,144,87130
P032,44,0,87130
P032,45,0,87130
P032,46,88,87218
P032,47,207,87425
P032,48,185,87610
P032,49,9,87620
P032,50,434,88054
P032,51,58,88112
P032,52,319,88431
P033,1,3,3
P033,2,8,11
P033,3,11,21
P033,4,10,31
P033,5,11,42
P033,6,11,53
P033,7,19,72
P033,8,13,85
P033,9,23,108
P033,10,10,118
P033,11,17,135
P033,12,14,149
P033,13,17,166
P033,14,14,181
P033,15,23,204
P033,16,28,232
P033,17,42,274
P033,18,26,300
P033,19,40,340
P033,20,48,388
P033,21,42,429
P033,22,59,488
P033,23,50,539
P033,24,39,578
P033,25,62,640
P033,26,70,711
P033,27,57,767
P033,28,69,836
P033,29,91,928
P033,30,89,1016
P033,31,64,1081
P033,32,79,1160
P033,33,78,1238
P033,34,94,1332
P033,35,74,1406
P033,36,75,1481
P033,37,66,1546
P033,38,90,1637
P033,39,73,1710
P033,40,63,1773
P033,41,82,1856
P033,42,81,1937
P033,43,71,2008
P033,44,54,2061
P033,45,52,2113
P033,46,53,2166
P033,47,32,2198
P033,48,48,2247
P033,49,42,2289
P033,50,46,2335
P033,51,41,2376
P033,52,28,2404
P034,1,63,63
P034,2,119,182
P034,3,144,326
P034,4,171,497
P034,5,186,683
P034,6,211,894
P034,7,210,1104
P034,8,278,1382
P034,9,248,1630
P034,10,286,1916
P034,11,292,2208
P034,12,342,2550
P034,13,271,2821
P034,14,278,3099
P034,15,244,3343
P034,16,257,3599
P034,17,202,3801
P034,18,233,4034
P034,19,151,4186
P034,20,151,4337
P034,21,140,4477
P034,22,108,4586
P034,23,95,4680
P034,24,106,4786
P034,25,65,4852
P034,26,55,4906
P034,27,24,4930
P034,28,23,4953
P034,29,31,4984
P034,30,0,4984
P034,31,14,4998
P034,32,32,5030
P034,33,22,5052
P034,34,12,5063
P034,35,8,5072
P034,36,9,5081
P034,37,0,5081
P034,38,10,5091
P034,39,6,5096
P034,40,0,5096
P034,41,0,5096
P034,42,0,5096
P034,43,7,5104
P034,44,26,5130
P034,45,14,5144
P034,46,19,5163
P034,47,0,5163
P034,48,6,5170
P034,49,3,5173
P034,50,4,5177
P034,51,0,5177
P034,52,16,5193
P035,1,21,21
P035,2,16,37
P035,3,0,37
P035,4,37,74
P035,5,112,186
P035,6,76,262
P035,7,50,312
P035,8,104,416
P035,9,120,536
P035,10,108,644
P035,11,0,644
P035,12,111,755
P035,13,100,854
P035,14,30,884
P035,15,104,988
P035,16,131,1118
P035,17,42,1160
P035,18,144,1304
P035,19,96,1400
P035,20,0,1400
P035,21,77,1477
P035,22,100,1577
P035,23,90,1667
P035,24,100,1767
P035,25,86,1854
P035,26,213,2067
P035,27,55,2122
P035,28,65,2187
P035,29,162,2348
P035,30,96,2444
P035,31,106,2550
P035,32,105,2655
P035,33,160,2815
P035,34,48,2864
P035,35,142,3006
P035,36,156,3162
P035,37,199,3360
P035,38,130,3490
P035,39,96,3587
P035,40,137,3724
P035,41,202,3926
P035,42,232,4158
P035,43,100,4258
P035,44,88,4346
P035,45,189,4535
P035,46,86,4622
P035,47,155,4777
P035,48,128,4905
P035,49,132,5037
P035,50,146,5183
P035,51,147,5330
P035,52,179,5508
P036,1,20,20
P036,2,28,48
P036,3,25,72
P036,4,16,88
P036,5,24,112
P036,6,20,133
P036,7,23,156
P036,8,20,176
P036,9,21,197
P036,10,21,218
P036,11,17,235
P036,12,15,251
P036,13,16,267
P036,14,15,282
P036,15,15,297
P036,16,12,308
P036,17,13,322
P036,18,10,332
P036,19,12,344
P036,20,11,354
P036,21,9,363
P036,22,10,374
P036,23,6,379
P036,24,5,384
P036,25,5,390
P036,26,4,394
P036,27,7,401
P036,28,7,408
P036,29,4,412
P036,30,5,416
P036,31,6,423
P036,32,4,427
P036,33,4,431
P036,34,6,437
P036,35,3,440
P036,36,2,442
P036,37,2,444
P036,38,1,446
P036,39,4,449
P036,40,2,451
P036,41,1,452
P036,42,4,457
P036,43,1,458
P036,44,0,458
P036,45,0,458
P036,46,2,461
P036,47,2,463
P036,48,1,464
P036,49,1,464
P036,50,2,466
P036,51,1,467
P036,52,1,468
P037,1,2438,2438
P037,2,1815,4253
P037,3,2236,6490
P037,4,2834,9324
P037,5,3468,12792
P037,6,2743,15535
P037,7,3226,18761
P037,8,3491,22252
P037,9,3698,25949
P037,10,2628,28577
P037,11,2747,31324
P037,12,2842,34165
P037,13,2215,36381
P037,14,2008,38388
P037,15,1922,40310
P037,16,1821,42132
P037,17,1595,43727
P037,18,888,44615
P037,19,1301,45916
P037,20,1061,46977
P037,21,895,47872
P037,22,720,48591
P037,23,500,49091
P037,24,412,49503
P037,25,348,49850
P037,26,290,50140
P037,27,192,50332
P037,28,158,50490
P037,29,334,50823
P037,30,131,50954
P037,31,231,51185
P037,32,69,51254
P037,33,169,51423
P037,34,80,51503
P037,35,97,51600
P037,36,0,51600
P037,37,59,51659
P037,38,0,51659
P037,39,0,51659
P037,40,0,51659
P037,41,0,51659
P037,42,110,51769
P037,43,0,51769
P037,44,22,51791
P037,45,121,51912
P037,46,64,51976
P037,47,0,51976
P037,48,0,51976
P037,49,42,52018
P037,50,0,52018
P037,51,0,52018
P037,52,0,52018
P038,1,60,60
P038,2,49,109
P038,3,77,186
P038,4,64,250
P038,5,70,320
P038,6,141,462
P038,7,55,517
P038,8,161,678
P038,9,263,941
P038,10,170,1111
P038,11,400,1511
P038,12,324,1835
P038,13,373,2208
P038,14,550,2758
P038,15,671,3429
P038,16,590,4018
P038,17,530,4549
P038,18,882,5432
P038,19,778,6209
P038,20,1159,7368
P038,21,1091,8459
P038,22,920,9379
P038,23,917,10296
P038,24,922,11218
P038,25,937,12155
P038,26,666,12822
P038,27,1072,13893
P038,28,703,14596
P038,29,823,15419
P038,30,687,16106
P038,31,501,16607
P038,32,458,17064
P038,33,384,17448
P038,34,295,17743
P038,35,269,18012
P038,36,216,18228
P038,37,116,18344
P038,38,150,18494
P038,39,132,18626
P038,40,186,18812
P038,41,137,18949
P038,42,90,19039
P038,43,94,19134
P038,44,4,19137
P038,45,40,19178
P038,46,60,19238
P038,47,0,19238
P038,48,0,19238
P038,49,34,19272
P038,50,0,19272
P038,51,32,19304
P038,52,53,19357
P039,1,477,477
P039,2,350,827
P039,3,573,1400
P039,4,480,1881
P039,5,488,2369
P039,6,508,2877
P039,7,596,3473
P039,8,560,4033
P039,9,686,4720
P039,10,654,5374
P039,11,557,5931
P039,12,634,6565
P039,13,464,7029
P039,14,534,7563
P039,15,638,8201
P039,16,595,8796
P039,17,456,9252
P039,18,446,9698
P039,19,331,10030
P039,20,378,10407
P039,21,353,10760
P039,22,331,11091
P039,23,176,11267
P039,24,248,11515
P039,25,278,11793
P039,26,189,11982
P039,27,200,12182
P039,28,164,12346
P039,29,187,12533
P039,30,98,12631
P039,31,103,12734
P039,32,73,12807
P039,33,115,12922
P039,34,54,12976
P039,35,11,12987
P039,36,78,13065
P039,37,84,13149
P039,38,33,13182
P039,39,90,13271
P039,40,90,13361
P039,41,0,13361
P039,42,6,13367
P039,43,21,13387
P039,44,0,13387
P039,45,34,13421
P039,46,18,13439
P039,47,14,13453
P039,48,21,13474
P039,49,48,13522
P039,50,11,13533
P039,51,0,13533
P039,52,13,13546
P040,1,205,205
P040,2,185,390
P040,3,224,614
P040,4,222,836
P040,5,227,1063
P040,6,286,1349
P040,7,264,1613
P040,8,239,1852
P040,9,320,2172
P040,10,298,2470
P040,11,216,2686
P040,12,279,2965
P040,13,257,3222
P040,14,232,3454
P040,15,226,3681
P040,16,165,3845
P040,17,240,4086
P040,18,170,4256
P040,19,171,4427
P040,20,167,4594
P040,21,145,4739
P040,22,162,4901
P040,23,166,5068
P040,24,131,5199
P040,25,90,5290
P040,26,130,5420
P040,27,108,5528
P040,28,70,5598
P040,29,39,5638
P040,30,69,5707
P040,31,67,5774
P040,32,40,5813
P040,33,24,5837
P040,34,39,5876
P040,35,42,5919
P040,36,27,5946
P040,37,21,5967
P040,38,20,5987
P040,39,15,6002
P040,40,5,6007
P040,41,5,6012
P040,42,20,6033
P040,43,2,6035
P040,44,22,6057
P040,45,19,6076
P040,46,12,6089
P040,47,12,6100
P040,48,0,6100
P040,49,14,6115
P040,50,0,6115
P040,51,17,6132
P040,52,24,6155
P041,1,29,29
P041,2,32,60
P041,3,27,88
P041,4,31,119
P041,5,36,155
P041,6,51,206
P041,7,44,250
P041,8,56,306
P041,9,43,349
P041,10,55,404
P041,11,89,493
P041,12,67,560
P041,13,84,644
P041,14,86,730
P041,15,108,838
P041,16,81,920
P041,17,103,1022
P041,18,107,1129
P041,19,97,1226
P041,20,71,1296
P041,21,80,1376
P041,22,109,1485
P041,23,85,1569
P041,24,92,1661
P041,25,72,1733
P041,26,74,1807
P041,27,68,1875
P041,28,62,1936
P041,29,70,2007
P041,30,54,2061
P041,31,59,2120
P041,32,55,2174
P041,33,53,2227
P041,34,37,2264
P041,35,30,2294
P041,36,32,2326
P041,37,23,2349
P041,38,31,2380
P041,39,15,2394
P041,40,25,2420
P041,41,11,2431
P041,42,8,2439
P041,43,19,2458
P041,44,0,2458
P041,45,9,2468
P041,46,10,2478
P041,47,0,2478
P041,48,5,2483
P041,49,0,2483
P041,50,6,2489
P041,51,0,2489
P041,52,0,2489
P042,1,1841,1841
P042,2,1987,3828
P042,3,2203,6031
P042,4,1624,7655
P042,5,2229,9885
P042,6,1872,11756
P042,7,1801,13558
P042,8,2210,15767
P042,9,1928,17695
P042,10,2269,19964
P042,11,2548,22512
P042,12,2039,24551
P042,13,2156,26707
P042,14,1713,28420
P042,15,1852,30272
P042,16,1840,32112
P042,17,1446,33558
P042,18,1632,35190
P042,19,1141,36331
P042,20,1430,37762
P042,21,1205,38966
P042,22,1155,40122
P042,23,804,40925
P042,24,784,41709
P042,25,1002,42711
P042,26,868,43578
P042,27,541,44119
P042,28,483,44602
P042,29,635,45237
P042,30,587,45824
P042,31,432,46256
P042,32,394,46650
P042,33,338,46988
P042,34,166,47153
P042,35,362,47515
P042,36,264,47779
P042,37,188,47966
P042,38,284,48250
P042,39,356,48606
P042,40,28,48634
P042,41,84,48718
P042,42,55,48773
P042,43,163,48936
P042,44,25,48961
P042,45,147,49108
P042,46,8,49116
P042,47,0,49116
P042,48,51,49167
P042,49,0,49167
P042,50,48,49215
P042,51,74,49289
P042,52,0,49289
P043,1,64,64
P043,2,68,132
P043,3,87,219
P043,4,66,285
P043,5,76,360
P043,6,79,439
P043,7,60,499
P043,8,70,570
P043,9,65,634
P043,10,70,704
P043,11,65,769
P043,12,49,818
P043,13,43,861
P043,14,46,907
P043,15,54,962
P043,16,40,1002
P043,17,58,1060
P043,18,47,1106
P043,19,35,1142
P043,20,36,1177
P043,21,29,1206
P043,22,30,1237
P043,23,26,1263
P043,24,25,1288
P043,25,30,1318
P043,26,14,1333
P043,27,23,1356
P043,28,14,1369
P043,29,18,1387
P043,30,8,1395
P043,31,16,1411
P043,32,12,1423
P043,33,6,1429
P043,34,11,1440
P043,35,13,1453
P043,36,4,1457
P043,37,5,1462
P043,38,6,1467
P043,39,5,1472
P043,40,7,1479
P043,41,6,1485
P043,42,3,1488
P043,43,4,1492
P043,44,8,1500
P043,45,5,1504
P043,46,2,1506
P043,47,1,1507
P043,48,2,1510
P043,49,4,1514
P043,50,0,1514
P043,51,4,1518
P043,52,1,1519
P044,1,364,364
P044,2,471,836
P044,3,425,1260
P044,4,316,1576
P044,5,497,2073
P044,6,223,2296
P044,7,492,2788
P044,8,458,3246
P044,9,503,3748
P044,10,337,4086
P044,11,525,4610
P044,12,470,5081
P044,13,363,5444
P044,14,558,6001
P044,15,286,6287
P044,16,332,6619
P044,17,415,7034
P044,18,342,7376
P044,19,386,7761
P044,20,298,8060
P044,21,326,8386
P044,22,338,8724
P044,23,306,9030
P044,24,322,9353
P044,25,274,9627
P044,26,229,9856
P044,27,235,10092
P044,28,230,10321
P044,29,187,10508
P044,30,134,10642
P044,31,188,10830
P044,32,163,10992
P044,33,171,11164
P044,34,96,11259
P044,35,138,11397
P044,36,148,11546
P044,37,140,11686
P044,38,84,11770
P044,39,119,11890
P044,40,107,11997
P044,41,53,12050
P044,42,44,12094
P044,43,84,12178
P044,44,29,12206
P044,45,77,12284
P044,46,52,12336
P044,47,60,12395
P044,48,33,12428
P044,49,5,12433
P044,50,29,12462
P044,51,53,12515
P044,52,30,12546
P045,1,6,6
P045,2,8,14
P045,3,4,17
P045,4,8,25
P045,5,2,28
P045,6,10,37
P045,7,7,44
P045,8,7,52
P045,9,7,58
P045,10,12,70
P045,11,12,82
P045,12,12,94
P045,13,9,104
P045,14,8,112
P045,15,13,125
P045,16,15,140
P045,17,14,154
P045,18,13,167
P045,19,15,181
P045,20,13,194
P045,21,16,210
P045,22,19,229
P045,23,16,244
P045,24,20,264
P045,25,19,283
P045,26,18,302
P045,27,24,326
P045,28,18,344
P045,29,20,364
P045,30,16,380
P045,31,13,393
P045,32,16,409
P045,33,22,431
P045,34,14,445
P045,35,21,467
P045,36,16,482
P045,37,17,499
P045,38,20,519
P045,39,14,534
P045,40,15,549
P045,41,13,562
P045,42,15,577
P045,43,11,588
P045,44,12,599
P045,45,14,613
P045,46,13,626
P045,47,13,639
P045,48,10,649
P045,49,10,660
P045,50,9,669
P045,51,8,676
P045,52,5,681
P046,1,533,533
P046,2,660,1192
P046,3,482,1674
P046,4,592,2266
P046,5,533,2799
P046,6,490,3289
P046,7,564,3853
P046,8,504,4358
P046,9,601,4959
P046,10,683,5642
P046,11,671,6313
P046,12,685,6998
P046,13,567,7565
P046,14,595,8160
P046,15,374,8533
P046,16,448,8981
P046,17,434,9415
P046,18,459,9873
P046,19,357,10231
P046,20,303,10534
P046,21,209,10743
P046,22,289,11032
P046,23,268,11301
P046,24,247,11548
P046,25,133,11681
P046,26,151,11832
P046,27,149,11981
P046,28,154,12135
P046,29,91,12226
P046,30,103,12329
P046,31,95,12424
P046,32,100,12524
P046,33,74,12598
P046,34,107,12705
P046,35,47,12752
P046,36,49,12801
P046,37,47,12848
P046,38,29,12877
P046,39,18,12894
P046,40,63,12957
P046,41,18,12975
P046,42,31,13006
P046,43,55,13061
P046,44,25,13086
P046,45,22,13108
P046,46,10,13118
P046,47,18,13136
P046,48,0,13136
P046,49,74,13210
P046,50,0,13210
P046,51,1,13211
P046,52,18,13229
P047,1,196,196
P047,2,172,369
P047,3,170,538
P047,4,171,710
P047,5,289,999
P047,6,249,1248
P047,7,270,1518
P047,8,255,1773
P047,9,300,2073
P047,10,367,2440
P047,11,488,2928
P047,12,405,3333
P047,13,458,3791
P047,14,440,4230
P047,15,476,4706
P047,16,545,5252
P047,17,456,5708
P047,18,548,6256
P047,19,547,6803
P047,20,492,7295
P047,21,588,7883
P047,22,480,8363
P047,23,496,8859
P047,24,433,9292
P047,25,380,9673
P047,26,314,9987
P047,27,443,10430
P047,28,316,10746
P047,29,351,11098
P047,30,297,11394
P047,31,208,11602
P047,32,298,11900
P047,33,203,12104
P047,34,187,12291
P047,35,243,12534
P047,36,157,12691
P047,37,187,12878
P047,38,72,12949
P047,39,112,13061
P047,40,93,13154
P047,41,64,13218
P047,42,124,13342
P047,43,60,13402
P047,44,96,13498
P047,45,85,13583
P047,46,56,13639
P047,47,38,13677
P047,48,12,13689
P047,49,47,13736
P047,50,59,13794
P047,51,34,13828
P047,52,76,13904
P048,1,1296,1296
P048,2,1247,2543
P048,3,1520,4063
P048,4,1935,5998
P048,5,1577,7576
P048,6,1577,9153
P048,7,1941,11094
P048,8,1888,12981
P048,9,1880,14861
P048,10,1801,16662
P048,11,2468,19130
P048,12,2080,21210
P048,13,1665,22874
P048,14,2064,24939
P048,15,1609,26548
P048,16,1931,28479
P048,17,1705,30183
P048,18,1496,31680
P048,19,1104,32784
P048,20,1110,33894
P048,21,1172,35066
P048,22,879,35945
P048,23,993,36938
P048,24,602,37540
P048,25,564,38104
P048,26,463,38566
P048,27,540,39106
P048,28,697,39803
P048,29,419,40221
P048,30,293,40514
P048,31,352,40866
P048,32,411,41277
P048,33,313,41590
P048,34,189,41780
P048,35,125,41904
P048,36,225,42130
P048,37,122,42252
P048,38,273,42525
P048,39,73,42598
P048,40,102,42700
P048,41,111,42811
P048,42,0,42811
P048,43,9,42820
P048,44,222,43042
P048,45,131,43173
P048,46,12,43185
P048,47,95,43280
P048,48,142,43421
P048,49,11,43432
P048,50,99,43531
P048,51,79,43610
P048,52,0,43610
P049,1,85,85
P049,2,170,255
P049,3,166,420
P049,4,151,571
P049,5,129,700
P049,6,108,808
P049,7,173,981
P049,8,132,1113
P049,9,194,1307
P049,10,197,1505
P049,11,160,1665
P049,12,216,1880
P049,13,180,2060
P049,14,211,2271
P049,15,224,2495
P049,16,137,2632
P049,17,276,2908
P049,18,155,3064
P049,19,202,3266
P049,20,199,3465
P049,21,164,3630
P049,22,175,3805
P049,23,188,3993
P049,24,200,4194
P049,25,160,4353
P049,26,212,4565
P049,27,171,4736
P049,28,170,4905
P049,29,154,5060
P049,30,169,5229
P049,31,151,5380
P049,32,170,5550
P049,33,126,5676
P049,34,127,5802
P049,35,121,5923
P049,36,121,6044
P049,37,92,6136
P049,38,133,6269
P049,39,110,6380
P049,40,87,6466
P049,41,91,6558
P049,42,94,6652
P049,43,70,6723
P049,44,74,6797
P049,45,60,6857
P049,46,54,6912
P049,47,53,6965
P049,48,54,7018
P049,49,54,7072
P049,50,39,7111
P049,51,17,7128
P049,52,51,7179
P050,1,5,5
P050,2,28,33
P050,3,6,39
P050,4,30,69
P050,5,12,81
P050,6,27,108
P050,7,19,127
P050,8,10,137
P050,9,10,148
P050,10,15,163
P050,11,24,186
P050,12,26,212
P050,13,30,242
P050,14,36,279
P050,15,38,317
P050,16,34,352
P050,17,56,408
P050,18,52,460
P050,19,68,528
P050,20,45,573
P050,21,80,653
P050,22,55,709
P050,23,67,776
P050,24,63,838
P050,25,62,900
P050,26,94,994
P050,27,67,1061
P050,28,56,1117
P050,29,103,1221
P050,30,106,1326
P050,31,90,1417
P050,32,101,1518
P050,33,119,1637
P050,34,120,1757
P050,35,100,1858
P050,36,135,1993
P050,37,144,2137
P050,38,148,2285
P050,39,105,2390
P050,40,122,2512
P050,41,118,2630
P050,42,115,2746
P050,43,154,2899
P050,44,120,3019
P050,45,131,3149
P050,46,110,3260
P050,47,68,3328
P050,48,84,3412
P050,49,95,3507
P050,50,93,3600
P050,51,87,3687
P050,52,68,3755
P051,1,275,275
P051,2,245,520
P051,3,250,770
P051,4,264,1034
P051,5,263,1297
P051,6,261,1558
P051,7,298,1855
P051,8,250,2105
P051,9,304,2408
P051,10,244,2652
P051,11,279,2931
P051,12,202,3133
P051,13,313,3447
P051,14,304,3751
P051,15,238,3988
P051,16,212,4200
P051,17,269,4470
P051,18,229,4699
P051,19,225,4924
P051,20,210,5134
P051,21,315,5448
P051,22,171,5619
P051,23,227,5846
P051,24,184,6030
P051,25,247,6276
P051,26,219,6496
P051,27,144,6640
P051,28,228,6868
P051,29,163,7031
P051,30,144,7175
P051,31,179,7354
P051,32,136,7491
P051,33,184,7674
P051,34,133,7808
P051,35,108,7916
P051,36,153,8068
P051,37,173,8242
P051,38,128,8369
P051,39,78,8447
P051,40,121,8567
P051,41,154,8722
P051,42,120,8841
P051,43,81,8922
P051,44,96,9019
P051,45,118,9137
P051,46,110,9248
P051,47,112,9360
P051,48,107,9467
P051,49,104,9572
P051,50,73,9644
P051,51,118,9762
P051,52,56,9818
P052,1,995,995
P052,2,816,1811
P052,3,885,2696
P052,4,831,3527
P052,5,918,4445
P052,6,1191,5636
P052,7,1082,6718
P052,8,1127,7845
P052,9,966,8811
P052,10,1358,10169
P052,11,1375,11544
P052,12,1184,12728
P052,13,845,13573
P052,14,1045,14618
P052,15,833,15451
P052,16,1140,16591
P052,17,1074,17666
P052,18,1521,19186
P052,19,1118,20304
P052,20,1122,21426
P052,21,1182,22609
P052,22,1015,23623
P052,23,1172,24795
P052,24,872,25667
P052,25,1288,26955
P052,26,1519,28474
P052,27,1536,30011
P052,28,1157,31167
P052,29,1078,32246
P052,30,931,33176
P052,31,929,34105
P052,32,878,34983
P052,33,673,35656
P052,34,581,36237
P052,35,759,36995
P052,36,891,37886
P052,37,901,38787
P052,38,765,39552
P052,39,836,40388
P052,40,776,41164
P052,41,395,41560
P052,42,650,42209
P052,43,482,42692
P052,44,463,43155
P052,45,378,43533
P052,46,267,43801
P052,47,508,44309
P052,48,390,44700
P052,49,355,45054
P052,50,127,45181
P052,51,279,45460
P052,52,230,45690
P053,1,240,240
P053,2,302,542
P053,3,312,853
P053,4,356,1210
P053,5,320,1530
P053,6,420,1950
P053,7,493,2443
P053,8,394,2837
P053,9,378,3215
P053,10,535,3750
P053,11,362,4112
P053,12,406,4518
P053,13,268,4786
P053,14,324,5111
P053,15,283,5393
P053,16,270,5664
P053,17,226,5890
P053,18,189,6079
P053,19,168,6247
P053,20,176,6423
P053,21,121,6544
P053,22,85,6629
P053,23,62,6690
P053,24,86,6777
P053,25,60,6837
P053,26,54,6891
P053,27,27,6918
P053,28,37,6956
P053,29,0,6956
P053,30,16,6971
P053,31,40,7011
P053,32,14,7025
P053,33,26,7052
P053,34,6,7057
P053,35,26,7083
P053,36,0,7083
P053,37,12,7095
P053,38,0,7095
P053,39,8,7103
P053,40,0,7103
P053,41,3,7105
P053,42,0,7105
P053,43,12,7117
P053,44,9,7126
P053,45,0,7126
P053,46,0,7126
P053,47,0,7126
P053,48,0,7126
P053,49,12,7139
P053,50,0,7139
P053,51,6,7145
P053,52,0,7145
P054,1,40,40
P054,2,54,93
P054,3,0,93
P054,4,7,100
P054,5,13,113
P054,6,22,136
P054,7,17,153
P054,8,2,155
P054,9,58,213
P054,10,20,233
P054,11,35,268
P054,12,43,311
P054,13,0,311
P054,14,21,332
P054,15,38,371
P054,16,54,425
P054,17,32,456
P054,18,9,465
P054,19,24,489
P054,20,22,512
P054,21,25,537
P054,22,23,560
P054,23,16,576
P054,24,23,599
P054,25,27,626
P054,26,51,677
P054,27,68,745
P054,28,41,786
P054,29,17,803
P054,30,27,830
P054,31,6,837
P054,32,72,908
P054,33,38,947
P054,34,46,993
P054,35,54,1047
P054,36,81,1128
P054,37,56,1183
P054,38,42,1225
P054,39,53,1278
P054,40,89,1367
P054,41,46,1414
P054,42,20,1434
P054,43,48,1482
P054,44,74,1556
P054,45,52,1608
P054,46,61,1669
P054,47,68,1738
P054,48,42,1780
P054,49,63,1843
P054,50,56,1898
P054,51,86,1985
P054,52,91,2076
P055,1,10,10
P055,2,14,23
P055,3,41,64
P055,4,43,107
P055,5,25,132
P055,6,30,162
P055,7,10,172
P055,8,23,195
P055,9,15,210
P055,10,58,268
P055,11,24,292
P055,12,46,339
P055,13,18,356
P055,14,29,385
P055,15,63,449
P055,16,65,514
P055,17,64,578
P055,18,88,665
P055,19,64,730
P055,20,98,828
P055,21,106,934
P055,22,120,1054
P055,23,120,1174
P055,24,118,1292
P055,25,126,1418
P055,26,128,1546
P055,27,128,1673
P055,28,144,1817
P055,29,158,1975
P055,30,150,2125
P055,31,181,2306
P055,32,201,2507
P055,33,179,2686
P055,34,122,2808
P055,35,152,2960
P055,36,204,3164
P055,37,168,3332
P055,38,192,3524
P055,39,192,3716
P055,40,204,3919
P055,41,171,4090
P055,42,168,4258
P055,43,176,4434
P055,44,68,4503
P055,45,194,4697
P055,46,180,4876
P055,47,112,4988
P055,48,118,5106
P055,49,178,5284
P055,50,122,5406
P055,51,112,5517
P055,52,97,5614
P056,1,123,123
P056,2,111,234
P056,3,154,387
P056,4,160,548
P056,5,128,676
P056,6,156,832
P056,7,152,984
P056,8,143,1127
P056,9,180,1308
P056,10,166,1474
P056,11,184,1657
P056,12,163,1820
P056,13,196,2016
P056,14,162,2178
P056,15,216,2395
P056,16,179,2573
P056,17,154,2727
P056,18,147,2874
P056,19,220,3094
P056,20,196,3290
P056,21,199,3489
P056,22,196,3685
P056,23,256,3941
P056,24,186,4127
P056,25,207,4334
P056,26,159,4493
P056,27,162,4655
P056,28,166,4822
P056,29,134,4956
P056,30,180,5135
P056,31,115,5250
P056,32,132,5382
P056,33,123,5505
P056,34,151,5656
P056,35,155,5811
P056,36,105,5916
P056,37,106,6022
P056,38,96,6119
P056,39,70,6189
P056,40,105,6295
P056,41,138,6432
P056,42,118,6550
P056,43,117,6667
P056,44,110,6777
P056,45,76,6853
P056,46,62,6915
P056,47,57,6972
P056,48,21,6993
P056,49,64,7057
P056,50,78,7134
P056,51,73,7207
P056,52,76,7283
P057,1,505,505
P057,2,551,1056
P057,3,556,1612
P057,4,468,2080
P057,5,710,2790
P057,6,567,3356
P057,7,618,3974
P057,8,555,4528
P057,9,679,5208
P057,10,696,5903
P057,11,520,6424
P057,12,601,7025
P057,13,557,7581
P057,14,546,8127
P057,15,386,8513
P057,16,377,8890
P057,17,288,9178
P057,18,271,9449
P057,19,239,9688
P057,20,168,9856
P057,21,148,10004
P057,22,135,10139
P057,23,128,10267
P057,24,134,10402
P057,25,79,10480
P057,26,80,10561
P057,27,59,10620
P057,28,58,10678
P057,29,81,10759
P057,30,31,10790
P057,31,28,10818
P057,32,32,10849
P057,33,9,10858
P057,34,27,10885
P057,35,37,10922
P057,36,13,10935
P057,37,0,10935
P057,38,0,10935
P057,39,19,10954
P057,40,12,10966
P057,41,17,10983
P057,42,16,10999
P057,43,24,11023
P057,44,61,11084
P057,45,36,11120
P057,46,26,11145
P057,47,15,11161
P057,48,37,11198
P057,49,22,11220
P057,50,0,11220
P057,51,6,11225
P057,52,0,11225
P058,1,9,9
P058,2,5,14
P058,3,0,15
P058,4,10,24
P058,5,5,29
P058,6,9,38
P058,7,2,40
P058,8,8,48
P058,9,1,48
P058,10,8,56
P058,11,6,62
P058,12,1,64
P058,13,5,68
P058,14,11,80
P058,15,7,87
P058,16,6,93
P058,17,8,101
P058,18,9,110
P058,19,3,113
P058,20,12,125
P058,21,1,126
P058,22,8,134
P058,23,5,139
P058,24,9,148
P058,25,1,149
P058,26,8,157
P058,27,7,164
P058,28,4,168
P058,29,8,176
P058,30,8,184
P058,31,7,191
P058,32,9,200
P058,33,22,222
P058,34,4,226
P058,35,7,233
P058,36,10,243
P058,37,16,259
P058,38,15,274
P058,39,9,283
P058,40,16,299
P058,41,18,317
P058,42,13,330
P058,43,12,343
P058,44,9,352
P058,45,10,362
P058,46,12,375
P058,47,16,391
P058,48,7,398
P058,49,15,413
P058,50,11,424
P058,51,18,442
P058,52,17,460
P059,1,8,8
P059,2,10,18
P059,3,13,31
P059,4,16,46
P059,5,19,66
P059,6,22,88
P059,7,21,109
P059,8,22,131
P059,9,22,153
P059,10,28,181
P059,11,22,203
P059,12,23,226
P059,13,20,246
P059,14,15,260
P059,15,12,272
P059,16,10,282
P059,17,7,290
P059,18,5,295
P059,19,4,298
P059,20,2,300
P059,21,2,303
P059,22,2,305
P059,23,2,306
P059,24,1,307
P059,25,0,307
P059,26,0,307
P059,27,0,308
P059,28,0,308
P059,29,0,308
P059,30,1,309
P059,31,1,310
P059,32,1,311
P059,33,0,312
P059,34,0,312
P059,35,0,312
P059,36,1,312
P059,37,0,312
P059,38,0,312
P059,39,0,312
P059,40,1,313
P059,41,1,314
P059,42,0,314
P059,43,1,315
P059,44,0,315
P059,45,0,315
P059,46,1,316
P059,47,0,317
P059,48,0,317
P059,49,0,317
P059,50,1,318
P059,51,0,318
P059,52,0,318
P060,1,315,315
P060,2,321,636
P060,3,412,1048
P060,4,506,1554
P060,5,574,2128
P060,6,459,2587
P060,7,554,3141
P060,8,580,3720
P060,9,560,4280
P060,10,583,4863
P060,11,511,5373
P060,12,531,5904
P060,13,488,6392
P060,14,354,6746
P060,15,397,7143
P060,16,460,7603
P060,17,338,7941
P060,18,274,8215
P060,19,234,8449
P060,20,164,8613
P060,21,192,8805
P060,22,202,9007
P060,23,170,9178
P060,24,86,9264
P060,25,108,9372
P060,26,95,9467
P060,27,77,9544
P060,28,96,9640
P060,29,29,9670
P060,30,8,9677
P060,31,29,9706
P060,32,36,9742
P060,33,41,9784
P060,34,27,9810
P060,35,42,9852
P060,36,0,9852
P060,37,13,9865
P060,38,10,9875
P060,39,0,9875
P060,40,0,9875
P060,41,0,9875
P060,42,3,9878
P060,43,0,9878
P060,44,29,9907
P060,45,16,9923
P060,46,0,9923
P060,47,0,9923
P060,48,0,9923
P060,49,0,9923
P060,50,0,9923
P060,51,2,9925
P060,52,22,9947
P061,1,5,5
P061,2,0,5
P061,3,1,6
P061,4,3,9
P061,5,2,11
P061,6,9,19
P061,7,7,26
P061,8,10,36
P061,9,8,44
P061,10,19,63
P061,11,8,71
P061,12,7,78
P061,13,22,100
P061,14,17,117
P061,15,21,139
P061,16,22,161
P061,17,27,187
P061,18,29,216
P061,19,38,255
P061,20,42,297
P061,21,38,335
P061,22,46,381
P061,23,55,436
P061,24,67,503
P061,25,58,562
P061,26,46,608
P061,27,58,666
P061,28,65,731
P061,29,58,789
P061,30,50,839
P061,31,64,903
P061,32,65,968
P061,33,44,1013
P061,34,44,1056
P061,35,35,1092
P061,36,47,1139
P061,37,33,1171
P061,38,34,1206
P061,39,33,1239
P061,40,25,1263
P061,41,24,1287
P061,42,24,1311
P061,43,21,1332
P061,44,15,1347
P061,45,17,1364
P061,46,10,1374
P061,47,4,1378
P061,48,11,1389
P061,49,8,1397
P061,50,3,1400
P061,51,8,1408
P061,52,5,1413
P062,1,518,518
P062,2,548,1066
P062,3,458,1524
P062,4,772,2296
P062,5,684,2980
P062,6,582,3562
P062,7,509,4071
P062,8,724,4794
P062,9,597,5391
P062,10,623,6014
P062,11,674,6689
P062,12,601,7290
P062,13,717,8006
P062,14,663,8670
P062,15,621,9291
P062,16,393,9684
P062,17,595,10278
P062,18,533,10811
P062,19,557,11368
P062,20,493,11861
P062,21,491,12352
P062,22,302,12654
P062,23,429,13083
P062,24,441,13524
P062,25,257,13781
P062,26,223,14004
P062,27,212,14215
P062,28,151,14366
P062,29,238,14604
P062,30,192,14796
P062,31,171,14968
P062,32,153,15120
P062,33,157,15277
P062,34,103,15381
P062,35,98,15479
P062,36,104,15583
P062,37,43,15626
P062,38,48,15674
P062,39,27,15702
P062,40,97,15799
P062,41,0,15799
P062,42,26,15825
P062,43,38,15863
P062,44,28,15891
P062,45,74,15965
P062,46,62,16027
P062,47,47,16074
P062,48,53,16128
P062,49,41,16168
P062,50,0,16168
P062,51,0,16168
P062,52,18,16186
P063,1,21,21
P063,2,22,42
P063,3,17,60
P063,4,42,102
P063,5,49,151
P063,6,31,182
P063,7,48,230
P063,8,86,316
P063,9,59,375
P063,10,90,465
P063,11,38,503
P063,12,107,610
P063,13,99,710
P063,14,140,850
P063,15,111,961
P063,16,118,1079
P063,17,152,1231
P063,18,123,1354
P063,19,191,1545
P063,20,141,1686
P063,21,217,1903
P063,22,263,2166
P063,23,254,2420
P063,24,260,2680
P063,25,277,2957
P063,26,274,3231
P063,27,306,3537
P063,28,371,3907
P063,29,192,4100
P063,30,278,4378
P063,31,358,4736
P063,32,304,5040
P063,33,335,5375
P063,34,342,5717
P063,35,369,6086
P063,36,290,6376
P063,37,366,6742
P063,38,308,7051
P063,39,383,7434
P063,40,350,7784
P063,41,250,8034
P063,42,209,8243
P063,43,208,8451
P063,44,192,8643
P063,45,210,8853
P063,46,126,8980
P063,47,142,9122
P063,48,167,9289
P063,49,130,9419
P063,50,93,9513
P063,51,140,9653
P063,52,99,9752
P064,1,20,20
P064,2,20,40
P064,3,0,40
P064,4,38,78
P064,5,89,168
P064,6,18,186
P064,7,22,208
P064,8,96,304
P064,9,23,327
P064,10,83,410
P064,11,58,469
P064,12,9,478
P064,13,78,556
P064,14,39,594
P064,15,74,669
P064,16,103,772
P064,17,56,828
P064,18,49,878
P064,19,118,996
P064,20,109,1106
P064,21,86,1192
P064,22,85,1277
P064,23,47,1324
P064,24,38,1362
P064,25,134,1496
P064,26,86,1582
P064,27,84,1666
P064,28,69,1735
P064,29,142,1877
P064,30,149,2026
P064,31,132,2158
P064,32,119,2277
P064,33,120,2397
P064,34,213,2610
P064,35,183,2793
P064,36,150,2944
P064,37,214,3158
P064,38,165,3323
P064,39,211,3534
P064,40,246,3780
P064,41,173,3952
P064,42,222,4175
P064,43,200,4375
P064,44,176,4550
P064,45,270,4820
P064,46,229,5049
P064,47,204,5253
P064,48,183,5436
P064,49,257,5693
P064,50,185,5878
P064,51,255,6133
P064,52,231,6364
P065,1,913,913
P065,2,693,1605
P065,3,1016,2621
P065,4,1085,3706
P065,5,1153,4858
P065,6,957,5815
P065,7,1219,7034
P065,8,800,7834
P065,9,1021,8855
P065,10,1304,10159
P065,11,1209,11368
P065,12,1170,12538
P065,13,982,13520
P065,14,911,14432
P065,15,852,15284
P065,16,929,16213
P065,17,748,16961
P065,18,445,17406
P065,19,602,18008
P065,20,438,18446
P065,21,272,18718
P065,22,347,19065
P065,23,352,19417
P065,24,201,19618
P065,25,257,19876
P065,26,300,20176
P065,27,109,20284
P065,28,129,20413
P065,29,104,20517
P065,30,62,20579
P065,31,28,20607
P065,32,14,20622
P065,33,51,20672
P065,34,81,20753
P065,35,85,20838
P065,36,33,20872
P065,37,27,20899
P065,38,10,20908
P065,39,0,20908
P065,40,0,20908
P065,41,19,20927
P065,42,0,20927
P065,43,0,20927
P065,44,0,20927
P065,45,8,20935
P065,46,0,20935
P065,47,74,21009
P065,48,0,21009
P065,49,0,21009
P065,50,0,21009
P065,51,48,21057
P065,52,0,21057
P066,1,64,64
P066,2,0,64
P066,3,57,121
P066,4,48,170
P066,5,9,178
P066,6,41,219
P066,7,101,321
P066,8,111,432
P066,9,80,512
P066,10,74,586
P066,11,99,684
P066,12,50,734
P066,13,161,895
P066,14,167,1062
P066,15,208,1270
P066,16,164,1434
P066,17,254,1688
P066,18,263,1951
P066,19,312,2263
P066,20,292,2555
P066,21,283,2838
P066,22,328,3166
P066,23,371,3537
P066,24,471,4008
P066,25,421,4429
P066,26,351,4780
P066,27,514,5295
P066,28,399,5694
P066,29,495,6189
P066,30,515,6704
P066,31,478,7183
P066,32,569,7752
P066,33,677,8429
P066,34,591,9020
P066,35,673,9694
P066,36,621,10314
P066,37,544,10859
P066,38,537,11396
P066,39,543,11939
P066,40,472,12411
P066,41,496,12906
P066,42,460,13366
P066,43,428,13794
P066,44,484,14277
P066,45,302,14580
P066,46,418,14998
P066,47,300,15298
P066,48,334,15632
P066,49,376,16008
P066,50,257,16264
P066,51,191,16455
P066,52,192,16647
P067,1,51,51
P067,2,55,106
P067,3,57,163
P067,4,101,264
P067,5,121,385
P067,6,108,493
P067,7,101,593
P067,8,109,702
P067,9,154,856
P067,10,163,1019
P067,11,162,1181
P067,12,174,1354
P067,13,182,1536
P067,14,140,1676
P067,15,152,1829
P067,16,213,2042
P067,17,191,2233
P067,18,130,2363
P067,19,157,2520
P067,20,159,2679
P067,21,185,2864
P067,22,172,3036
P067,23,151,3187
P067,24,130,3317
P067,25,156,3473
P067,26,128,3601
P067,27,102,3703
P067,28,102,3805
P067,29,81,3886
P067,30,70,3957
P067,31,92,4048
P067,32,51,4100
P067,33,72,4172
P067,34,40,4212
P067,35,52,4264
P067,36,39,4303
P067,37,38,4341
P067,38,21,4362
P067,39,32,4394
P067,40,26,4420
P067,41,27,4447
P067,42,29,4476
P067,43,2,4478
P067,44,9,4486
P067,45,9,4495
P067,46,21,4517
P067,47,0,4517
P067,48,7,4524
P067,49,11,4534
P067,50,0,4534
P067,51,3,4537
P067,52,0,4537
P068,1,643,643
P068,2,754,1397
P068,3,692,2089
P068,4,1074,3164
P068,5,1166,4329
P068,6,1117,5446
P068,7,1073,6519
P068,8,1546,8065
P068,9,1187,9252
P068,10,1253,10505
P068,11,1212,11717
P068,12,1348,13065
P068,13,1359,14424
P068,14,1396,15820
P068,15,1226,17046
P068,16,1022,18068
P068,17,853,18921
P068,18,766,19688
P068,19,741,20428
P068,20,534,20962
P068,21,582,21544
P068,22,365,21909
P068,23,287,22196
P068,24,270,22466
P068,25,249,22715
P068,26,336,23052
P068,27,200,23252
P068,28,63,23315
P068,29,84,23399
P068,30,78,23477
P068,31,107,23584
P068,32,27,23611
P068,33,47,23658
P068,34,69,23727
P068,35,52,23779
P068,36,28,23807
P068,37,106,23914
P068,38,50,23964
P068,39,47,24011
P068,40,45,24056
P068,41,64,24120
P068,42,17,24137
P068,43,0,24137
P068,44,24,24161
P068,45,28,24189
P068,46,65,24254
P068,47,0,24254
P068,48,0,24254
P068,49,3,24257
P068,50,30,24288
P068,51,0,24288
P068,52,0,24288
P069,1,226,226
P069,2,282,508
P069,3,280,789
P069,4,438,1226
P069,5,370,1596
P069,6,331,1927
P069,7,437,2364
P069,8,433,2797
P069,9,438,3234
P069,10,406,3640
P069,11,427,4068
P069,12,378,4446
P069,13,319,4764
P069,14,381,5146
P069,15,276,5422
P069,16,237,5659
P069,17,215,5874
P069,18,177,6051
P069,19,183,6234
P069,20,146,6380
P069,21,106,6486
P069,22,76,6561
P069,23,80,6641
P069,24,66,6708
P069,25,74,6782
P069,26,33,6814
P069,27,46,6860
P069,28,70,6930
P069,29,42,6972
P069,30,5,6976
P069,31,25,7002
P069,32,19,7021
P069,33,5,7026
P069,34,19,7045
P069,35,0,7045
P069,36,0,7045
P069,37,2,7047
P069,38,0,7047
P069,39,12,7059
P069,40,1,7060
P069,41,0,7060
P069,42,17,7077
P069,43,9,7086
P069,44,0,7086
P069,45,0,7086
P069,46,0,7086
P069,47,0,7086
P069,48,14,7100
P069,49,0,7100
P069,50,7,7107
P069,51,29,7136
P069,52,10,7146
P070,1,286,286
P070,2,419,704
P070,3,473,1177
P070,4,480,1657
P070,5,551,2208
P070,6,840,3048
P070,7,812,3860
P070,8,720,4581
P070,9,648,5229
P070,10,939,6169
P070,11,734,6903
P070,12,680,7583
P070,13,856,8440
P070,14,830,9270
P070,15,702,9972
P070,16,828,10800
P070,17,655,11455
P070,18,470,11925
P070,19,1000,12924
P070,20,689,13614
P070,21,685,14299
P070,22,600,14900
P070,23,560,15459
P070,24,515,15975
P070,25,452,16427
P070,26,426,16853
P070,27,463,17316
P070,28,329,17645
P070,29,307,17953
P070,30,276,18228
P070,31,314,18542
P070,32,197,18739
P070,33,216,18956
P070,34,228,19184
P070,35,165,19349
P070,36,115,19464
P070,37,122,19586
P070,38,72,19658
P070,39,50,19708
P070,40,67,19775
P070,41,63,19838
P070,42,72,19910
P070,43,62,19971
P070,44,78,20049
P070,45,71,20120
P070,46,6,20126
P070,47,53,20179
P070,48,63,20242
P070,49,64,20306
P070,50,32,20338
P070,51,26,20364
P070,52,14,20379
P071,1,105,105
P071,2,261,366
P071,3,143,509
P071,4,74,584
P071,5,174,758
P071,6,252,1009
P071,7,250,1259
P071,8,120,1379
P071,9,402,1781
P071,10,333,2114
P071,11,442,2556
P071,12,234,2789
P071,13,541,3330
P071,14,282,3612
P071,15,442,4054
P071,16,571,4625
P071,17,398,5023
P071,18,565,5589
P071,19,532,6121
P071,20,741,6862
P071,21,743,7605
P071,22,706,8311
P071,23,978,9290
P071,24,914,10204
P071,25,1209,11413
P071,26,878,12291
P071,27,1290,13582
P071,28,1167,14749
P071,29,1264,16012
P071,30,1457,17470
P071,31,1501,18971
P071,32,1222,20193
P071,33,1085,21278
P071,34,1741,23019
P071,35,1438,24457
P071,36,1400,25857
P071,37,1784,27641
P071,38,1430,29071
P071,39,1228,30299
P071,40,906,31205
P071,41,1148,32353
P071,42,912,33266
P071,43,908,34173
P071,44,918,35091
P071,45,941,36032
P071,46,490,36522
P071,47,810,37333
P071,48,728,38061
P071,49,605,38666
P071,50,729,39396
P071,51,543,39939
P071,52,656,40595
P072,1,438,438
P072,2,482,920
P072,3,494,1413
P072,4,500,1914
P072,5,753,2667
P072,6,669,3336
P072,7,581,3918
P072,8,829,4747
P072,9,646,5393
P072,10,958,6351
P072,11,951,7303
P072,12,796,8099
P072,13,920,9019
P072,14,666,9685
P072,15,835,10520
P072,16,723,11242
P072,17,774,12016
P072,18,633,12650
P072,19,554,13204
P072,20,539,13743
P072,21,442,14186
P072,22,435,14621
P072,23,315,14936
P072,24,345,15281
P072,25,407,15688
P072,26,308,15996
P072,27,249,16244
P072,28,202,16447
P072,29,264,16711
P072,30,194,16905
P072,31,92,16996
P072,32,130,17126
P072,33,114,17240
P072,34,104,17344
P072,35,103,17447
P072,36,91,17538
P072,37,56,17594
P072,38,100,17693
P072,39,108,17801
P072,40,25,17826
P072,41,110,17936
P072,42,13,17949
P072,43,30,17979
P072,44,18,17997
P072,45,14,18011
P072,46,54,18065
P072,47,11,18076
P072,48,0,18076
P072,49,0,18076
P072,50,2,18078
P072,51,16,18094
P072,52,0,18094
P073,1,530,530
P073,2,564,1094
P073,3,655,1750
P073,4,614,2364
P073,5,825,3189
P073,6,574,3763
P073,7,701,4464
P073,8,766,5230
P073,9,681,5912
P073,10,789,6701
P073,11,504,7205
P073,12,552,7756
P073,13,426,8183
P073,14,475,8658
P073,15,406,9064
P073,16,370,9434
P073,17,189,9622
P073,18,243,9865
P073,19,215,10080
P073,20,199,10279
P073,21,151,10430
P073,22,46,10476
P073,23,58,10534
P073,24,80,10614
P073,25,96,10710
P073,26,99,10809
P073,27,12,10821
P073,28,22,10843
P073,29,7,10850
P073,30,17,10867
P073,31,34,10901
P073,32,41,10942
P073,33,37,10979
P073,34,0,10979
P073,35,6,10985
P073,36,0,10985
P073,37,0,10985
P073,38,0,10985
P073,39,0,10985
P073,40,28,11014
P073,41,0,11014
P073,42,0,11014
P073,43,32,11046
P073,44,0,11046
P073,45,10,11056
P073,46,22,11077
P073,47,30,11107
P073,48,7,11114
P073,49,15,11129
P073,50,6,11136
P073,51,0,11136
P073,52,18,11153
P074,1,196,196
P074,2,230,426
P074,3,225,652
P074,4,234,886
P074,5,273,1159
P074,6,399,1558
P074,7,285,1843
P074,8,492,2334
P074,9,460,2794
P074,10,474,3268
P074,11,571,3839
P074,12,472,4312
P074,13,485,4797
P074,14,417,5214
P074,15,409,5623
P074,16,342,5965
P074,17,292,6257
P074,18,282,6538
P074,19,150,6689
P074,20,152,6840
P074,21,132,6972
P074,22,122,7094
P074,23,106,7199
P074,24,48,7247
P074,25,93,7340
P074,26,40,7380
P074,27,14,7394
P074,28,54,7448
P074,29,30,7478
P074,30,43,7521
P074,31,26,7546
P074,32,24,7571
P074,33,8,7579
P074,34,26,7605
P074,35,0,7605
P074,36,10,7615
P074,37,0,7615
P074,38,10,7626
P074,39,30,7656
P074,40,0,7656
P074,41,0,7656
P074,42,13,7669
P074,43,0,7669
P074,44,13,7682
P074,45,4,7686
P074,46,0,7686
P074,47,0,7686
P074,48,0,7686
P074,49,0,7686
P074,50,2,7688
P074,51,0,7688
P074,52,0,7688
P075,1,198,198
P075,2,280,478
P075,3,269,747
P075,4,176,923
P075,5,300,1224
P075,6,235,1459
P075,7,251,1710
P075,8,179,1889
P075,9,253,2143
P075,10,220,2362
P075,11,233,2595
P075,12,221,2817
P075,13,237,3053
P075,14,227,3280
P075,15,214,3494
P075,16,208,3702
P075,17,205,3906
P075,18,168,4074
P075,19,144,4218
P075,20,150,4368
P075,21,150,4518
P075,22,197,4715
P075,23,183,4898
P075,24,162,5060
P075,25,126,5186
P075,26,125,5312
P075,27,145,5456
P075,28,150,5606
P075,29,129,5735
P075,30,126,5861
P075,31,61,5922
P075,32,125,6047
P075,33,106,6154
P075,34,57,6210
P075,35,73,6283
P075,36,42,6325
P075,37,90,6415
P075,38,73,6487
P075,39,62,6549
P075,40,58,6608
P075,41,71,6678
P075,42,35,6714
P075,43,51,6765
P075,44,37,6802
P075,45,51,6852
P075,46,17,6870
P075,47,58,6928
P075,48,14,6941
P075,49,56,6997
P075,50,0,6997
P075,51,43,7040
P075,52,17,7057
P076,1,102,102
P076,2,179,281
P076,3,346,627
P076,4,256,883
P076,5,400,1283
P076,6,213,1496
P076,7,507,2003
P076,8,436,2439
P076,9,626,3065
P076,10,651,3716
P076,11,843,4560
P076,12,840,5399
P076,13,824,6223
P076,14,846,7068
P076,15,871,7940
P076,16,1360,9299
P076,17,1100,10399
P076,18,1129,11528
P076,19,1111,12640
P076,20,1219,13859
P076,21,1275,15134
P076,22,738,15872
P076,23,915,16787
P076,24,607,17394
P076,25,998,18393
P076,26,768,19161
P076,27,625,19786
P076,28,616,20402
P076,29,463,20865
P076,30,456,21320
P076,31,550,21870
P076,32,187,22058
P076,33,310,22367
P076,34,198,22565
P076,35,300,22865
P076,36,152,23017
P076,37,119,23136
P076,38,137,23273
P076,39,214,23488
P076,40,151,23638
P076,41,91,23729
P076,42,76,23805
P076,43,58,23864
P076,44,127,23991
P076,45,79,24070
P076,46,0,24070
P076,47,0,24070
P076,48,48,24118
P076,49,0,24118
P076,50,18,24136
P076,51,55,24191
P076,52,35,24226
P077,1,173,173
P077,2,252,425
P077,3,397,822
P077,4,481,1302
P077,5,489,1792
P077,6,719,2510
P077,7,876,3386
P077,8,936,4322
P077,9,1066,5389
P077,10,1133,6521
P077,11,946,7468
P077,12,719,8186
P077,13,1106,9292
P077,14,849,10141
P077,15,773,10914
P077,16,656,11570
P077,17,604,12174
P077,18,639,12813
P077,19,439,13252
P077,20,280,13532
P077,21,196,13728
P077,22,264,13992
P077,23,124,14116
P077,24,110,14226
P077,25,110,14336
P077,26,128,14464
P077,27,47,14511
P077,28,27,14538
P077,29,57,14595
P077,30,31,14626
P077,31,39,14665
P077,32,34,14699
P077,33,41,14740
P077,34,0,14740
P077,35,3,14743
P077,36,18,14761
P077,37,0,14761
P077,38,0,14761
P077,39,0,14761
P077,40,20,14781
P077,41,5,14785
P077,42,0,14785
P077,43,0,14785
P077,44,0,14785
P077,45,0,14785
P077,46,16,14801
P077,47,0,14801
P077,48,32,14834
P077,49,0,14834
P077,50,2,14836
P077,51,3,14839
P077,52,0,14839
P078,1,253,253
P078,2,260,513
P078,3,314,827
P078,4,318,1146
P078,5,361,1506
P078,6,329,1836
P078,7,330,2166
P078,8,337,2502
P078,9,360,2862
P078,10,339,3202
P078,11,357,3558
P078,12,345,3903
P078,13,370,4273
P078,14,331,4604
P078,15,306,4910
P078,16,335,5245
P078,17,255,5500
P078,18,235,5735
P078,19,257,5993
P078,20,150,6142
P078,21,176,6318
P078,22,158,6476
P078,23,237,6713
P078,24,138,6852
P078,25,118,6969
P078,26,144,7113
P078,27,92,7205
P078,28,61,7266
P078,29,82,7349
P078,30,85,7434
P078,31,57,7491
P078,32,54,7545
P078,33,64,7609
P078,34,38,7647
P078,35,45,7692
P078,36,29,7720
P078,37,10,7730
P078,38,7,7738
P078,39,30,7768
P078,40,53,7820
P078,41,21,7842
P078,42,29,7871
P078,43,13,7884
P078,44,1,7885
P078,45,0,7885
P078,46,10,7895
P078,47,4,7899
P078,48,27,7926
P078,49,28,7954
P078,50,15,7969
P078,51,0,7969
P078,52,3,7972
P079,1,150,150
P079,2,169,319
P079,3,218,537
P079,4,214,751
P079,5,168,919
P079,6,244,1162
P079,7,278,1440
P079,8,279,1719
P079,9,324,2043
P079,10,363,2406
P079,11,268,2674
P079,12,307,2980
P079,13,282,3263
P079,14,272,3534
P079,15,315,3849
P079,16,268,4117
P079,17,267,4384
P079,18,240,4624
P079,19,174,4799
P079,20,224,5022
P079,21,205,5227
P079,22,183,5410
P079,23,141,5551
P079,24,125,5677
P079,25,117,5794
P079,26,95,5889
P079,27,76,5965
P079,28,56,6021
P079,29,75,6096
P079,30,51,6147
P079,31,54,6201
P079,32,41,6242
P079,33,8,6250
P079,34,58,6309
P079,35,41,6349
P079,36,0,6349
P079,37,12,6361
P079,38,16,6377
P079,39,25,6402
P079,40,10,6412
P079,41,3,6415
P079,42,0,6415
P079,43,4,6419
P079,44,0,6419
P079,45,0,6419
P079,46,0,6419
P079,47,25,6444
P079,48,0,6444
P079,49,0,6444
P079,50,0,6444
P079,51,7,6451
P079,52,0,6451
P080,1,824,824
P080,2,417,1241
P080,3,653,1894
P080,4,858,2752
P080,5,1066,3818
P080,6,896,4714
P080,7,1120,5834
P080,8,1087,6920
P080,9,1329,8249
P080,10,1366,9615
P080,11,1431,11046
P080,12,1488,12534
P080,13,1597,14131
P080,14,1410,15541
P080,15,1502,17042
P080,16,1939,18981
P080,17,1697,20678
P080,18,1858,22535
P080,19,1343,23878
P080,20,1493,25371
P080,21,1658,27029
P080,22,1498,28526
P080,23,1114,29640
P080,24,1266,30906
P080,25,985,31891
P080,26,1259,33150
P080,27,1147,34297
P080,28,948,35244
P080,29,1059,36303
P080,30,919,37222
P080,31,812,38035
P080,32,759,38794
P080,33,831,39625
P080,34,552,40177
P080,35,424,40601
P080,36,438,41039
P080,37,492,41531
P080,38,314,41845
P080,39,463,42308
P080,40,350,42658
P080,41,155,42812
P080,42,355,43168
P080,43,186,43353
P080,44,131,43484
P080,45,217,43701
P080,46,358,44059
P080,47,297,44356
P080,48,110,44466
P080,49,98,44564
P080,50,165,44729
P080,51,110,44838
P080,52,0,44838
P081,1,1901,1901
P081,2,2428,4329
P081,3,1976,6306
P081,4,2860,9166
P081,5,2464,11630
P081,6,2151,13782
P081,7,3660,17441
P081,8,3223,20665
P081,9,4915,25580
P081,10,5260,30839
P081,11,4913,35753
P081,12,3789,39541
P081,13,5630,45171
P081,14,5279,50450
P081,15,3999,54450
P081,16,5346,59796
P081,17,3692,63488
P081,18,4387,67874
P081,19,3674,71549
P081,20,4335,75884
P081,21,3053,78936
P081,22,3349,82286
P081,23,2903,85188
P081,24,2877,88066
P081,25,1876,89941
P081,26,2246,92187
P081,27,1740,93927
P081,28,2022,95949
P081,29,1414,97363
P081,30,1571,98934
P081,31,1138,100072
P081,32,642,100714
P081,33,958,101673
P081,34,665,102338
P081,35,278,102616
P081,36,295,102911
P081,37,454,103365
P081,38,392,103757
P081,39,543,104300
P081,40,240,104541
P081,41,0,104541
P081,42,4,104544
P081,43,248,104792
P081,44,234,105026
P081,45,0,105026
P081,46,0,105026
P081,47,403,105429
P081,48,190,105619
P081,49,15,105634
P081,50,46,105679
P081,51,0,105679
P081,52,0,105679
P082,1,26,26
P082,2,26,52
P082,3,21,72
P082,4,24,96
P082,5,25,121
P082,6,37,159
P082,7,41,200
P082,8,40,240
P082,9,40,280
P082,10,46,326
P082,11,34,360
P082,12,35,395
P082,13,40,434
P082,14,44,479
P082,15,48,526
P082,16,44,570
P082,17,40,611
P082,18,38,648
P082,19,41,689
P082,20,41,731
P082,21,44,775
P082,22,38,813
P082,23,42,854
P082,24,32,886
P082,25,24,910
P082,26,26,936
P082,27,24,960
P082,28,27,987
P082,29,22,1010
P082,30,19,1029
P082,31,17,1045
P082,32,24,1069
P082,33,21,1090
P082,34,16,1107
P082,35,16,1122
P082,36,12,1134
P082,37,10,1145
P082,38,12,1157
P082,39,10,1167
P082,40,9,1177
P082,41,7,1184
P082,42,7,1191
P082,43,7,1198
P082,44,6,1205
P082,45,9,1214
P082,46,8,1221
P082,47,4,1226
P082,48,4,1230
P082,49,1,1231
P082,50,8,1239
P082,51,6,1245
P082,52,0,1245
P083,1,36,36
P083,2,42,78
P083,3,62,140
P083,4,90,230
P083,5,65,295
P083,6,39,334
P083,7,125,459
P083,8,134,593
P083,9,146,739
P083,10,95,834
P083,11,99,933
P083,12,90,1023
P083,13,159,1182
P083,14,204,1386
P083,15,199,1585
P083,16,244,1828
P083,17,256,2084
P083,18,242,2327
P083,19,300,2627
P083,20,330,2957
P083,21,365,3322
P083,22,391,3713
P083,23,460,4173
P083,24,369,4542
P083,25,552,5095
P083,26,524,5618
P083,27,719,6337
P083,28,576,6914
P083,29,480,7394
P083,30,763,8156
P083,31,533,8690
P083,32,486,9176
P083,33,523,9699
P083,34,531,10230
P083,35,493,10723
P083,36,470,11193
P083,37,416,11608
P083,38,526,12135
P083,39,450,12585
P083,40,326,12910
P083,41,250,13160
P083,42,314,13474
P083,43,297,13771
P083,44,292,14063
P083,45,304,14367
P083,46,228,14595
P083,47,218,14814
P083,48,118,14932
P083,49,148,15080
P083,50,132,15212
P083,51,118,15330
P083,52,179,15509
P084,1,49,49
P084,2,56,105
P084,3,68,173
P084,4,44,217
P084,5,43,259
P084,6,65,324
P084,7,54,378
P084,8,51,430
P084,9,50,480
P084,10,50,529
P084,11,40,569
P084,12,58,627
P084,13,52,679
P084,14,42,722
P084,15,52,773
P084,16,54,828
P084,17,48,876
P084,18,49,925
P084,19,42,967
P084,20,45,1012
P084,21,43,1055
P084,22,32,1087
P084,23,30,1117
P084,24,32,1149
P084,25,30,1180
P084,26,24,1204
P084,27,44,1247
P084,28,33,1280
P084,29,34,1314
P084,30,28,1342
P084,31,23,1365
P084,32,20,1385
P084,33,15,1400
P084,34,18,1419
P084,35,20,1439
P084,36,19,1458
P084,37,16,1474
P084,38,24,1498
P084,39,10,1507
P084,40,8,1516
P084,41,5,1521
P084,42,10,1531
P084,43,6,1537
P084,44,12,1549
P084,45,5,1553
P084,46,7,1561
P084,47,9,1570
P084,48,0,1570
P084,49,6,1576
P084,50,4,1580
P084,51,11,1591
P084,52,8,1599
P085,1,35,35
P085,2,42,77
P085,3,36,113
P085,4,103,216
P085,5,21,237
P085,6,60,297
P085,7,41,338
P085,8,69,407
P085,9,67,474
P085,10,120,594
P085,11,82,676
P085,12,140,816
P085,13,142,958
P085,14,70,1028
P085,15,169,1196
P085,16,243,1440
P085,17,153,1593
P085,18,211,1804
P085,19,293,2097
P085,20,294,2391
P085,21,326,2717
P085,22,330,3047
P085,23,334,3382
P085,24,404,3785
P085,25,368,4153
P085,26,415,4568
P085,27,391,4959
P085,28,522,5481
P085,29,556,6038
P085,30,473,6511
P085,31,581,7092
P085,32,481,7573
P085,33,457,8031
P085,34,447,8478
P085,35,442,8920
P085,36,394,9314
P085,37,344,9659
P085,38,408,10066
P085,39,396,10462
P085,40,311,10774
P085,41,374,11148
P085,42,263,11410
P085,43,322,11732
P085,44,206,11938
P085,45,213,12150
P085,46,238,12388
P085,47,210,12598
P085,48,146,12744
P085,49,190,12935
P085,50,79,13013
P085,51,47,13060
P085,52,99,13160
P086,1,3149,3149
P086,2,2371,5520
P086,3,3368,8888
P086,4,4076,12965
P086,5,4276,17240
P086,6,5243,22483
P086,7,4803,27286
P086,8,5183,32469
P086,9,6598,39066
P086,10,6797,45863
P086,11,7117,52980
P086,12,4951,57931
P086,13,6039,63970
P086,14,3808,67778
P086,15,4982,72760
P086,16,4505,77265
P086,17,3122,80388
P086,18,3060,83447
P086,19,2592,86039
P086,20,1687,87726
P086,21,2110,89836
P086,22,1907,91743
P086,23,1532,93275
P086,24,1222,94497
P086,25,931,95427
P086,26,927,96354
P086,27,766,97120
P086,28,914,98034
P086,29,213,98248
P086,30,310,98557
P086,31,390,98947
P086,32,322,99268
P086,33,0,99268
P086,34,293,99561
P086,35,377,99938
P086,36,147,100085
P086,37,0,100085
P086,38,0,100085
P086,39,0,100085
P086,40,319,100404
P086,41,155,100559
P086,42,0,100559
P086,43,0,100559
P086,44,29,100588
P086,45,0,100588
P086,46,5,100593
P086,47,169,100762
P086,48,0,100762
P086,49,0,100762
P086,50,0,100762
P086,51,0,100762
P086,52,49,100812
P087,1,2,2
P087,2,4,7
P087,3,8,15
P087,4,17,32
P087,5,14,46
P087,6,13,58
P087,7,24,82
P087,8,21,103
P087,9,20,123
P087,10,32,155
P087,11,31,186
P087,12,32,218
P087,13,37,255
P087,14,39,294
P087,15,43,337
P087,16,88,425
P087,17,53,478
P087,18,78,556
P087,19,50,607
P087,20,100,706
P087,21,111,817
P087,22,119,936
P087,23,91,1027
P087,24,133,1160
P087,25,115,1275
P087,26,135,1410
P087,27,140,1550
P087,28,153,1703
P087,29,136,1839
P087,30,133,1972
P087,31,165,2137
P087,32,136,2273
P087,33,120,2393
P087,34,110,2503
P087,35,117,2620
P087,36,90,2710
P087,37,91,2801
P087,38,88,2888
P087,39,84,2973
P087,40,57,3030
P087,41,76,3106
P087,42,79,3185
P087,43,66,3251
P087,44,40,3292
P087,45,39,3331
P087,46,27,3358
P087,47,39,3397
P087,48,34,3431
P087,49,19,3449
P087,50,27,3476
P087,51,17,3494
P087,52,0,3494
P088,1,395,395
P088,2,309,704
P088,3,585,1289
P088,4,474,1763
P088,5,590,2353
P088,6,788,3141
P088,7,789,3930
P088,8,860,4790
P088,9,1135,5925
P088,10,917,6843
P088,11,1033,7875
P088,12,851,8726
P088,13,851,9577
P088,14,945,10522
P088,15,649,11171
P088,16,908,12079
P088,17,804,12883
P088,18,534,13417
P088,19,736,14153
P088,20,518,14671
P088,21,454,15125
P088,22,401,15526
P088,23,296,15822
P088,24,157,15979
P088,25,205,16184
P088,26,270,16454
P088,27,92,16546
P088,28,213,16758
P088,29,130,16889
P088,30,52,16941
P088,31,84,17025
P088,32,81,17106
P088,33,59,17165
P088,34,56,17221
P088,35,36,17257
P088,36,0,17257
P088,37,6,17263
P088,38,7,17270
P088,39,0,17270
P088,40,0,17270
P088,41,0,17270
P088,42,0,17270
P088,43,6,17276
P088,44,0,17276
P088,45,2,17278
P088,46,0,17278
P088,47,0,17278
P088,48,1,17279
P088,49,12,17290
P088,50,0,17290
P088,51,0,17290
P088,52,16,17306
P089,1,6,6
P089,2,8,14
P089,3,5,19
P089,4,18,38
P089,5,14,52
P089,6,6,58
P089,7,11,69
P089,8,3,72
P089,9,20,92
P089,10,7,99
P089,11,12,111
P089,12,10,121
P089,13,12,134
P089,14,15,149
P089,15,10,159
P089,16,18,178
P089,17,22,200
P089,18,17,217
P089,19,18,235
P089,20,12,247
P089,21,33,280
P089,22,19,300
P089,23,25,325
P089,24,19,344
P089,25,32,376
P089,26,32,408
P089,27,38,446
P089,28,34,480
P089,29,39,519
P089,30,33,552
P089,31,42,594
P089,32,52,646
P089,33,53,699
P089,34,48,747
P089,35,40,787
P089,36,48,836
P089,37,43,879
P089,38,53,932
P089,39,57,989
P089,40,57,1046
P089,41,42,1088
P089,42,37,1125
P089,43,54,1179
P089,44,59,1238
P089,45,59,1298
P089,46,35,1333
P089,47,52,1385
P089,48,59,1444
P089,49,65,1510
P089,50,52,1562
P089,51,68,1630
P089,52,55,1684
P090,1,829,829
P090,2,1577,2406
P090,3,1533,3939
P090,4,2328,6266
P090,5,1952,8218
P090,6,2532,10750
P090,7,3138,13889
P090,8,2908,16797
P090,9,3182,19979
P090,10,3267,23246
P090,11,3178,26424
P090,12,2928,29352
P090,13,2761,32113
P090,14,2631,34744
P090,15,2046,36790
P090,16,1978,38769
P090,17,1542,40311
P090,18,1612,41923
P090,19,1174,43096
P090,20,979,44076
P090,21,538,44614
P090,22,297,44911
P090,23,485,45396
P090,24,371,45766
P090,25,301,46067
P090,26,266,46333
P090,27,0,46334
P090,28,27,46361
P090,29,208,46569
P090,30,32,46601
P090,31,72,46673
P090,32,158,46830
P090,33,0,46830
P090,34,2,46833
P090,35,0,46833
P090,36,87,46920
P090,37,0,46920
P090,38,0,46920
P090,39,0,46920
P090,40,190,47110
P090,41,21,47131
P090,42,27,47158
P090,43,0,47158
P090,44,23,47181
P090,45,0,47181
P090,46,179,47359
P090,47,18,47378
P090,48,58,47436
P090,49,0,47436
P090,50,0,47436
P090,51,111,47546
P090,52,0,47546
P091,1,234,234
P091,2,232,467
P091,3,401,868
P091,4,406,1274
P091,5,354,1627
P091,6,412,2039
P091,7,733,2772
P091,8,636,3408
P091,9,906,4314
P091,10,827,5141
P091,11,922,6063
P091,12,1654,7717
P091,13,1586,9302
P091,14,1884,11187
P091,15,2239,13426
P091,16,1904,15329
P091,17,2696,18026
P091,18,2110,20136
P091,19,2642,22778
P091,20,2499,25277
P091,21,2283,27560
P091,22,2518,30078
P091,23,1515,31593
P091,24,2079,33672
P091,25,1493,35165
P091,26,1735,36900
P091,27,1337,38236
P091,28,1169,39406
P091,29,1125,40531
P091,30,788,41318
P091,31,750,42068
P091,32,615,42684
P091,33,263,42946
P091,34,527,43474
P091,35,41,43515
P091,36,167,43682
P091,37,124,43806
P091,38,237,44043
P091,39,198,44241
P091,40,98,44339
P091,41,110,44449
P091,42,51,44500
P091,43,213,44713
P091,44,65,44778
P091,45,44,44822
P091,46,0,44822
P091,47,1,44823
P091,48,0,44823
P091,49,0,44823
P091,50,104,44927
P091,51,0,44927
P091,52,0,44927
P092,1,20,20
P092,2,5,25
P092,3,19,44
P092,4,14,58
P092,5,35,92
P092,6,32,124
P092,7,38,162
P092,8,25,188
P092,9,30,217
P092,10,60,277
P092,11,18,295
P092,12,53,348
P092,13,73,422
P092,14,55,477
P092,15,61,537
P092,16,51,589
P092,17,63,652
P092,18,91,743
P092,19,91,834
P092,20,107,940
P092,21,92,1032
P092,22,90,1122
P092,23,100,1222
P092,24,104,1326
P092,25,117,1444
P092,26,169,1613
P092,27,87,1700
P092,28,129,1829
P092,29,115,1944
P092,30,116,2060
P092,31,154,2214
P092,32,129,2343
P092,33,126,2468
P092,34,114,2583
P092,35,98,2680
P092,36,109,2789
P092,37,106,2895
P092,38,86,2982
P092,39,88,3070
P092,40,67,3137
P092,41,104,3242
P092,42,74,3316
P092,43,64,3380
P092,44,54,3434
P092,45,55,3489
P092,46,70,3559
P092,47,54,3614
P092,48,38,3652
P092,49,44,3696
P092,50,42,3737
P092,51,20,3757
P092,52,23,3780
P093,1,280,280
P093,2,289,570
P093,3,271,841
P093,4,313,1154
P093,5,301,1455
P093,6,286,1740
P093,7,330,2070
P093,8,328,2399
P093,9,391,2789
P093,10,361,3151
P093,11,347,3498
P093,12,389,3887
P093,13,293,4180
P093,14,311,4491
P093,15,206,4697
P093,16,266,4963
P093,17,250,5213
P093,18,233,5446
P093,19,177,5623
P093,20,200,5823
P093,21,186,6009
P093,22,194,6203
P093,23,163,6366
P093,24,185,6551
P093,25,143,6694
P093,26,129,6823
P093,27,115,6938
P093,28,98,7036
P093,29,67,7103
P093,30,84,7187
P093,31,63,7250
P093,32,79,7329
P093,33,53,7382
P093,34,56,7438
P093,35,20,7459
P093,36,44,7503
P093,37,11,7514
P093,38,48,7561
P093,39,15,7576
P093,40,32,7608
P093,41,23,7632
P093,42,4,7635
P093,43,33,7668
P093,44,33,7702
P093,45,3,7704
P093,46,29,7733
P093,47,12,7746
P093,48,0,7746
P093,49,31,7777
P093,50,14,7792
P093,51,20,7812
P093,52,0,7812
P094,1,103,103
P094,2,164,267
P094,3,191,458
P094,4,150,607
P094,5,226,833
P094,6,206,1039
P094,7,240,1280
P094,8,175,1454
P094,9,230,1684
P094,10,175,1859
P094,11,156,2014
P094,12,171,2185
P094,13,150,2335
P094,14,150,2485
P094,15,115,2600
P094,16,115,2714
P094,17,94,2809
P094,18,109,2918
P094,19,79,2997
P094,20,53,3050
P094,21,60,3111
P094,22,49,3160
P094,23,38,3198
P094,24,29,3228
P094,25,29,3257
P094,26,31,3288
P094,27,32,3320
P094,28,11,3331
P094,29,1,3332
P094,30,2,3334
P094,31,6,3340
P094,32,12,3352
P094,33,0,3352
P094,34,9,3361
P094,35,3,3364
P094,36,16,3381
P094,37,9,3390
P094,38,0,3390
P094,39,6,3396
P094,40,0,3396
P094,41,0,3396
P094,42,7,3403
P094,43,0,3403
P094,44,12,3416
P094,45,9,3424
P094,46,0,3424
P094,47,0,3424
P094,48,0,3424
P094,49,4,3428
P094,50,2,3430
P094,51,0,3430
P094,52,0,3430
P095,1,4474,4474
P095,2,3954,8428
P095,3,4850,13277
P095,4,4854,18131
P095,5,4841,22972
P095,6,5274,28246
P095,7,7307,35553
P095,8,8974,44526
P095,9,7426,51952
P095,10,5764,57715
P095,11,8082,65798
P095,12,7565,73363
P095,13,8120,81482
P095,14,7783,89265
P095,15,8180,97445
P095,16,6213,103659
P095,17,7094,110753
P095,18,6126,116878
P095,19,5045,121924
P095,20,3326,125250
P095,21,2999,128249
P095,22,3895,132145
P095,23,2775,134919
P095,24,3133,138052
P095,25,2521,140573
P095,26,1688,142261
P095,27,1299,143560
P095,28,1062,144622
P095,29,1000,145623
P095,30,954,146576
P095,31,328,146904
P095,32,459,147364
P095,33,804,148168
P095,34,462,148630
P095,35,276,148906
P095,36,276,149182
P095,37,0,149182
P095,38,0,149182
P095,39,0,149182
P095,40,0,149182
P095,41,0,149182
P095,42,0,149182
P095,43,0,149182
P095,44,111,149293
P095,45,343,149636
P095,46,0,149636
P095,47,182,149818
P095,48,0,149818
P095,49,183,150001
P095,50,0,150001
P095,51,0,150001
P095,52,481,150482
P096,1,138,138
P096,2,150,288
P096,3,223,511
P096,4,181,692
P096,5,188,880
P096,6,237,1117
P096,7,258,1375
P096,8,284,1659
P096,9,255,1914
P096,10,175,2089
P096,11,217,2306
P096,12,249,2555
P096,13,279,2834
P096,14,319,3153
P096,15,287,3440
P096,16,204,3644
P096,17,300,3944
P096,18,359,4302
P096,19,334,4636
P096,20,325,4961
P096,21,301,5262
P096,22,351,5613
P096,23,257,5870
P096,24,331,6202
P096,25,299,6500
P096,26,325,6825
P096,27,265,7091
P096,28,280,7371
P096,29,307,7678
P096,30,331,8008
P096,31,223,8232
P096,32,252,8483
P096,33,270,8753
P096,34,149,8902
P096,35,192,9094
P096,36,141,9234
P096,37,220,9454
P096,38,181,9635
P096,39,137,9772
P096,40,202,9974
P096,41,221,10195
P096,42,138,10333
P096,43,166,10498
P096,44,112,10610
P096,45,109,10719
P096,46,120,10839
P096,47,96,10935
P096,48,109,11044
P096,49,41,11086
P096,50,66,11152
P096,51,75,11227
P096,52,99,11326
P097,1,26,26
P097,2,25,51
P097,3,33,84
P097,4,30,114
P097,5,32,147
P097,6,32,178
P097,7,33,212
P097,8,25,237
P097,9,32,268
P097,10,26,295
P097,11,32,326
P097,12,24,350
P097,13,26,376
P097,14,25,401
P097,15,17,418
P097,16,15,433
P097,17,18,452
P097,18,14,466
P097,19,12,478
P097,20,16,493
P097,21,11,504
P097,22,7,511
P097,23,5,516
P097,24,8,524
P097,25,6,530
P097,26,5,536
P097,27,7,542
P097,28,2,545
P097,29,3,548
P097,30,2,550
P097,31,4,554
P097,32,2,555
P097,33,3,558
P097,34,0,558
P097,35,3,561
P097,36,0,561
P097,37,1,563
P097,38,2,565
P097,39,2,567
P097,40,0,567
P097,41,1,569
P097,42,0,569
P097,43,2,571
P097,44,2,573
P097,45,0,573
P097,46,0,573
P097,47,0,574
P097,48,0,574
P097,49,0,574
P097,50,1,575
P097,51,0,575
P097,52,0,575
P098,1,442,442
P098,2,372,814
P098,3,529,1343
P098,4,437,1780
P098,5,500,2280
P098,6,649,2928
P098,7,567,3495
P098,8,513,4008
P098,9,518,4526
P098,10,547,5074
P098,11,315,5389
P098,12,486,5875
P098,13,574,6449
P098,14,528,6977
P098,15,432,7409
P098,16,489,7897
P098,17,479,8376
P098,18,361,8737
P098,19,435,9172
P098,20,316,9488
P098,21,334,9822
P098,22,285,10108
P098,23,293,10401
P098,24,297,10698
P098,25,194,10893
P098,26,188,11081
P098,27,162,11243
P098,28,177,11420
P098,29,152,11572
P098,30,117,11689
P098,31,105,11794
P098,32,88,11882
P098,33,55,11937
P098,34,113,12051
P098,35,60,12110
P098,36,33,12143
P098,37,64,12208
P098,38,27,12235
P098,39,59,12294
P098,40,10,12303
P098,41,0,12303
P098,42,55,12358
P098,43,80,12438
P098,44,50,12489
P098,45,0,12489
P098,46,39,12528
P098,47,29,12557
P098,48,17,12574
P098,49,0,12574
P098,50,11,12585
P098,51,0,12585
P098,52,0,12585
P099,1,462,462
P099,2,827,1289
P099,3,947,2236
P099,4,1059,3296
P099,5,1054,4350
P099,6,1286,5636
P099,7,963,6599
P099,8,1061,7660
P099,9,1166,8826
P099,10,1006,9833
P099,11,882,10715
P099,12,843,11558
P099,13,685,12243
P099,14,518,12761
P099,15,503,13264
P099,16,446,13711
P099,17,451,14162
P099,18,302,14464
P099,19,275,14739
P099,20,163,14902
P099,21,205,15107
P099,22,96,15204
P099,23,54,15257
P099,24,107,15364
P099,25,87,15451
P099,26,85,15535
P099,27,117,15652
P099,28,0,15652
P099,29,69,15721
P099,30,11,15732
P099,31,22,15754
P099,32,48,15802
P099,33,22,15824
P099,34,39,15863
P099,35,0,15863
P099,36,35,15898
P099,37,0,15898
P099,38,13,15911
P099,39,45,15956
P099,40,0,15956
P099,41,0,15956
P099,42,0,15956
P099,43,17,15972
P099,44,0,15972
P099,45,0,15972
P099,46,0,15972
P099,47,25,15997
P099,48,37,16035
P099,49,0,16035
P099,50,19,16053
P099,51,42,16095
P099,52,0,16095
P100,1,266,266
P100,2,269,535
P100,3,197,732
P100,4,263,995
P100,5,232,1227
P100,6,258,1485
P100,7,236,1721
P100,8,298,2019
P100,9,302,2322
P100,10,256,2578
P100,11,240,2818
P100,12,310,3127
P100,13,280,3407
P100,14,250,3658
P100,15,185,3843
P100,16,206,4049
P100,17,199,4248
P100,18,163,4410
P100,19,168,4578
P100,20,191,4770
P100,21,150,4919
P100,22,178,5097
P100,23,136,5233
P100,24,109,5342
P100,25,120,5462
P100,26,104,5567
P100,27,81,5647
P100,28,118,5765
P100,29,59,5824
P100,30,78,5902
P100,31,52,5954
P100,32,45,5999
P100,33,67,6066
P100,34,26,6092
P100,35,46,6139
P100,36,13,6152
P100,37,42,6194
P100,38,24,6219
P100,39,9,6228
P100,40,17,6245
P100,41,10,6255
P100,42,6,6261
P100,43,17,6278
P100,44,4,6281
P100,45,29,6310
P100,46,12,6322
P100,47,0,6322
P100,48,0,6322
P100,49,0,6322
P100,50,8,6330
P100,51,23,6353
P100,52,0,6353
P101,1,0,0
P101,2,0,0
P101,3,145,145
P101,4,91,236
P101,5,135,371
P101,6,173,544
P101,7,292,836
P101,8,316,1152
P101,9,379,1531
P101,10,489,2021
P101,11,434,2455
P101,12,704,3158
P101,13,726,3885
P101,14,794,4679
P101,15,1220,5898
P101,16,1419,7318
P101,17,1164,8482
P101,18,1365,9847
P101,19,1616,11463
P101,20,1699,13162
P101,21,1753,14915
P101,22,1553,16468
P101,23,1696,18164
P101,24,1560,19724
P101,25,1538,21262
P101,26,1136,22398
P101,27,1162,23561
P101,28,950,24510
P101,29,1078,25588
P101,30,761,26349
P101,31,651,27000
P101,32,637,27637
P101,33,495,28132
P101,34,338,28470
P101,35,240,28710
P101,36,294,29004
P101,37,123,29127
P101,38,154,29281
P101,39,140,29421
P101,40,30,29450
P101,41,131,29581
P101,42,124,29705
P101,43,96,29801
P101,44,7,29808
P101,45,65,29872
P101,46,36,29908
P101,47,30,29939
P101,48,34,29972
P101,49,0,29972
P101,50,19,29991
P101,51,0,29991
P101,52,0,29991
P102,1,47,47
P102,2,43,90
P102,3,94,184
P102,4,78,263
P102,5,112,375
P102,6,76,451
P102,7,80,530
P102,8,63,594
P102,9,126,720
P102,10,111,831
P102,11,127,958
P102,12,123,1081
P102,13,148,1229
P102,14,98,1327
P102,15,104,1430
P102,16,131,1562
P102,17,153,1715
P102,18,192,1907
P102,19,158,2065
P102,20,203,2268
P102,21,209,2476
P102,22,179,2655
P102,23,168,2823
P102,24,259,3082
P102,25,225,3307
P102,26,164,3471
P102,27,199,3670
P102,28,246,3916
P102,29,175,4091
P102,30,236,4328
P102,31,207,4535
P102,32,227,4762
P102,33,252,5015
P102,34,231,5246
P102,35,214,5460
P102,36,317,5777
P102,37,216,5993
P102,38,146,6139
P102,39,228,6367
P102,40,213,6580
P102,41,159,6740
P102,42,235,6975
P102,43,215,7190
P102,44,176,7366
P102,45,172,7538
P102,46,183,7721
P102,47,158,7880
P102,48,173,8052
P102,49,232,8284
P102,50,166,8450
P102,51,107,8557
P102,52,111,8668
P103,1,154,154
P103,2,107,261
P103,3,331,591
P103,4,322,913
P103,5,290,1203
P103,6,432,1635
P103,7,514,2148
P103,8,701,2849
P103,9,836,3685
P103,10,1055,4740
P103,11,1440,6180
P103,12,1994,8174
P103,13,2052,10226
P103,14,2674,12900
P103,15,1988,14888
P103,16,3297,18186
P103,17,3291,21477
P103,18,3360,24836
P103,19,3294,28130
P103,20,3044,31174
P103,21,3141,34315
P103,22,2851,37166
P103,23,1940,39105
P103,24,2238,41343
P103,25,1811,43154
P103,26,1843,44998
P103,27,1642,46639
P103,28,1271,47910
P103,29,786,48695
P103,30,718,49413
P103,31,417,49830
P103,32,480,50310
P103,33,558,50869
P103,34,389,51258
P103,35,217,51475
P103,36,138,51613
P103,37,125,51739
P103,38,28,51767
P103,39,130,51897
P103,40,156,52053
P103,41,173,52226
P103,42,53,52279
P103,43,0,52279
P103,44,89,52368
P103,45,47,52415
P103,46,60,52475
P103,47,102,52577
P103,48,0,52577
P103,49,0,52577
P103,50,0,52577
P103,51,0,52577
P103,52,59,52636
P104,1,57,57
P104,2,82,138
P104,3,136,274
P104,4,150,424
P104,5,181,605
P104,6,257,863
P104,7,240,1102
P104,8,168,1270
P104,9,296,1566
P104,10,258,1824
P104,11,347,2171
P104,12,449,2620
P104,13,243,2863
P104,14,439,3302
P104,15,279,3581
P104,16,522,4103
P104,17,365,4467
P104,18,403,4870
P104,19,571,5441
P104,20,600,6041
P104,21,482,6523
P104,22,668,7191
P104,23,800,7992
P104,24,1094,9086
P104,25,930,10016
P104,26,933,10949
P104,27,919,11868
P104,28,843,12711
P104,29,914,13625
P104,30,933,14559
P104,31,1263,15822
P104,32,1198,17020
P104,33,1079,18099
P104,34,1267,19367
P104,35,1296,20662
P104,36,1017,21679
P104,37,1575,23255
P104,38,1304,24558
P104,39,1409,25967
P104,40,1320,27288
P104,41,1635,28923
P104,42,1531,30454
P104,43,1060,31514
P104,44,1462,32976
P104,45,1272,34248
P104,46,1121,35369
P104,47,1267,36636
P104,48,1251,37887
P104,49,1062,38948
P104,50,969,39918
P104,51,1074,40992
P104,52,735,41727
P105,1,754,754
P105,2,857,1611
P105,3,1129,2740
P105,4,714,3454
P105,5,1025,4479
P105,6,797,5276
P105,7,1121,6397
P105,8,1375,7772
P105,9,1256,9027
P105,10,1421,10448
P105,11,1345,11794
P105,12,1635,13429
P105,13,1521,14950
P105,14,1782,16732
P105,15,1227,17959
P105,16,2170,20130
P105,17,1611,21741
P105,18,1618,23359
P105,19,1852,25212
P105,20,1688,26900
P105,21,1751,28651
P105,22,1454,30105
P105,23,1947,32052
P105,24,2131,34183
P105,25,1815,35999
P105,26,1434,37432
P105,27,1049,38481
P105,28,1488,39969
P105,29,1470,41439
P105,30,1138,42577
P105,31,1263,43840
P105,32,1080,44920
P105,33,1194,46114
P105,34,1073,47187
P105,35,861,48047
P105,36,881,48928
P105,37,555,49483
P105,38,485,49968
P105,39,315,50283
P105,40,574,50857
P105,41,558,51415
P105,42,274,51689
P105,43,357,52046
P105,44,320,52366
P105,45,265,52631
P105,46,338,52969
P105,47,0,52969
P105,48,289,53258
P105,49,184,53442
P105,50,0,53442
P105,51,132,53574
P105,52,32,53606
P106,1,1560,1560
P106,2,1660,3220
P106,3,1788,5007
P106,4,1785,6792
P106,5,1729,8521
P106,6,1749,10270
P106,7,1220,11490
P106,8,1679,13169
P106,9,1549,14718
P106,10,1483,16201
P106,11,1519,17719
P106,12,1151,18870
P106,13,1411,20281
P106,14,1255,21536
P106,15,1618,23153
P106,16,1352,24505
P106,17,780,25285
P106,18,1086,26372
P106,19,1212,27584
P106,20,833,28417
P106,21,819,29236
P106,22,712,29949
P106,23,988,30937
P106,24,1002,31939
P106,25,799,32738
P106,26,664,33402
P106,27,749,34151
P106,28,385,34536
P106,29,564,35100
P106,30,531,35630
P106,31,494,36124
P106,32,435,36559
P106,33,468,37027
P106,34,164,37192
P106,35,406,37598
P106,36,470,38068
P106,37,425,38492
P106,38,434,38926
P106,39,231,39156
P106,40,299,39456
P106,41,128,39584
P106,42,169,39753
P106,43,188,39941
P106,44,274,40215
P106,45,93,40308
P106,46,143,40451
P106,47,180,40632
P106,48,146,40778
P106,49,112,40890
P106,50,156,41046
P106,51,86,41132
P106,52,80,41212
P107,1,27,27
P107,2,142,170
P107,3,35,204
P107,4,81,286
P107,5,183,468
P107,6,140,609
P107,7,191,800
P107,8,242,1041
P107,9,118,1159
P107,10,222,1381
P107,11,0,1381
P107,12,246,1627
P107,13,221,1848
P107,14,189,2037
P107,15,159,2196
P107,16,273,2469
P107,17,314,2783
P107,18,314,3097
P107,19,406,3503
P107,20,320,3823
P107,21,478,4301
P107,22,494,4795
P107,23,371,5166
P107,24,402,5568
P107,25,307,5875
P107,26,652,6527
P107,27,525,7052
P107,28,540,7593
P107,29,595,8187
P107,30,539,8726
P107,31,538,9264
P107,32,529,9793
P107,33,772,10565
P107,34,731,11296
P107,35,538,11834
P107,36,725,12559
P107,37,817,13376
P107,38,787,14162
P107,39,753,14916
P107,40,719,15634
P107,41,745,16379
P107,42,917,17296
P107,43,765,18061
P107,44,641,18701
P107,45,830,19531
P107,46,759,20290
P107,47,656,20946
P107,48,888,21834
P107,49,641,22475
P107,50,685,23160
P107,51,764,23925
P107,52,613,24538
P108,1,1440,1440
P108,2,1387,2827
P108,3,1411,4238
P108,4,1591,5829
P108,5,1467,7295
P108,6,1747,9042
P108,7,1829,10871
P108,8,1544,12415
P108,9,2029,14444
P108,10,1571,16015
P108,11,1902,17917
P108,12,1322,19238
P108,13,2037,21276
P108,14,1712,22987
P108,15,1519,24507
P108,16,1796,26302
P108,17,1557,27859
P108,18,1566,29426
P108,19,1518,30943
P108,20,814,31757
P108,21,1166,32923
P108,22,625,33547
P108,23,1034,34581
P108,24,687,35268
P108,25,1029,36297
P108,26,850,37147
P108,27,655,37802
P108,28,399,38201
P108,29,520,38721
P108,30,372,39094
P108,31,274,39368
P108,32,306,39674
P108,33,220,39894
P108,34,269,40163
P108,35,98,40261
P108,36,25,40286
P108,37,312,40597
P108,38,255,40852
P108,39,189,41041
P108,40,320,41362
P108,41,309,41671
P108,42,242,41912
P108,43,116,42028
P108,44,38,42066
P108,45,254,42320
P108,46,127,42447
P108,47,29,42476
P108,48,17,42493
P108,49,25,42518
P108,50,0,42518
P108,51,109,42626
P108,52,0,42626
P109,1,3230,3230
P109,2,2851,6081
P109,3,2956,9038
P109,4,2995,12033
P109,5,3102,15134
P109,6,3768,18902
P109,7,3000,21902
P109,8,3006,24908
P109,9,2962,27870
P109,10,2852,30722
P109,11,2684,33406
P109,12,2760,36166
P109,13,2903,39070
P109,14,1896,40965
P109,15,2488,43453
P109,16,2210,45662
P109,17,1619,47281
P109,18,1767,49048
P109,19,1670,50718
P109,20,1359,52077
P109,21,1462,53539
P109,22,1428,54966
P109,23,1284,56250
P109,24,816,57065
P109,25,1444,58509
P109,26,1022,59531
P109,27,912,60443
P109,28,912,61355
P109,29,946,62301
P109,30,429,62730
P109,31,584,63314
P109,32,864,64177
P109,33,684,64861
P109,34,381,65242
P109,35,474,65716
P109,36,276,65992
P109,37,271,66263
P109,38,284,66547
P109,39,440,66987
P109,40,263,67250
P109,41,343,67593
P109,42,148,67742
P109,43,74,67815
P109,44,0,67815
P109,45,154,67969
P109,46,182,68151
P109,47,0,68151
P109,48,273,68424
P109,49,203,68626
P109,50,0,68626
P109,51,64,68690
P109,52,166,68856
P110,1,92,92
P110,2,113,205
P110,3,83,288
P110,4,95,383
P110,5,77,459
P110,6,98,557
P110,7,84,641
P110,8,99,740
P110,9,84,823
P110,10,118,942
P110,11,112,1054
P110,12,96,1150
P110,13,108,1258
P110,14,122,1380
P110,15,83,1463
P110,16,102,1565
P110,17,97,1662
P110,18,72,1734
P110,19,88,1822
P110,20,90,1912
P110,21,86,1998
P110,22,103,2100
P110,23,111,2211
P110,24,92,2303
P110,25,95,2398
P110,26,83,2482
P110,27,78,2559
P110,28,65,2624
P110,29,81,2705
P110,30,86,2791
P110,31,69,2860
P110,32,65,2925
P110,33,94,3019
P110,34,101,3120
P110,35,64,3184
P110,36,76,3260
P110,37,69,3329
P110,38,78,3406
P110,39,66,3472
P110,40,95,3567
P110,41,55,3621
P110,42,85,3707
P110,43,78,3785
P110,44,54,3839
P110,45,71,3910
P110,46,75,3984
P110,47,58,4043
P110,48,45,4088
P110,49,69,4156
P110,50,65,4222
P110,51,48,4269
P110,52,58,4328
P111,1,3,3
P111,2,13,15
P111,3,10,26
P111,4,8,34
P111,5,17,50
P111,6,19,70
P111,7,8,78
P111,8,14,92
P111,9,11,103
P111,10,10,113
P111,11,12,125
P111,12,11,135
P111,13,8,143
P111,14,14,158
P111,15,3,160
P111,16,14,174
P111,17,17,191
P111,18,10,201
P111,19,10,211
P111,20,22,234
P111,21,13,247
P111,22,9,256
P111,23,20,276
P111,24,14,290
P111,25,12,302
P111,26,16,318
P111,27,14,332
P111,28,16,348
P111,29,14,361
P111,30,17,378
P111,31,15,393
P111,32,15,408
P111,33,11,419
P111,34,19,438
P111,35,15,453
P111,36,22,475
P111,37,17,492
P111,38,11,503
P111,39,13,516
P111,40,12,528
P111,41,27,555
P111,42,13,568
P111,43,11,579
P111,44,20,599
P111,45,13,612
P111,46,19,631
P111,47,18,649
P111,48,12,661
P111,49,20,681
P111,50,19,700
P111,51,12,713
P111,52,19,731
P112,1,38,38
P112,2,33,71
P112,3,48,118
P112,4,32,151
P112,5,56,206
P112,6,53,259
P112,7,64,323
P112,8,89,412
P112,9,78,490
P112,10,101,592
P112,11,98,690
P112,12,69,758
P112,13,96,855
P112,14,146,1001
P112,15,165,1167
P112,16,205,1372
P112,17,199,1571
P112,18,205,1775
P112,19,275,2050
P112,20,270,2320
P112,21,294,2614
P112,22,177,2790
P112,23,299,3089
P112,24,360,3450
P112,25,349,3799
P112,26,301,4100
P112,27,354,4454
P112,28,334,4788
P112,29,365,5153
P112,30,398,5551
P112,31,274,5825
P112,32,204,6028
P112,33,305,6333
P112,34,293,6625
P112,35,276,6902
P112,36,166,7067
P112,37,178,7245
P112,38,126,7370
P112,39,147,7518
P112,40,159,7677
P112,41,99,7775
P112,42,127,7902
P112,43,83,7985
P112,44,73,8058
P112,45,91,8149
P112,46,51,8200
P112,47,66,8266
P112,48,53,8319
P112,49,47,8367
P112,50,46,8413
P112,51,40,8453
P112,52,25,8479
P113,1,295,295
P113,2,296,592
P113,3,350,942
P113,4,377,1319
P113,5,318,1638
P113,6,268,1905
P113,7,348,2254
P113,8,331,2585
P113,9,282,2867
P113,10,373,3240
P113,11,317,3557
P113,12,367,3924
P113,13,368,4292
P113,14,302,4594
P113,15,293,4887
P113,16,221,5108
P113,17,285,5393
P113,18,275,5668
P113,19,198,5866
P113,20,262,6128
P113,21,272,6400
P113,22,290,6690
P113,23,224,6914
P113,24,261,7175
P113,25,230,7405
P113,26,209,7614
P113,27,252,7867
P113,28,156,8022
P113,29,176,8199
P113,30,147,8346
P113,31,155,8501
P113,32,173,8674
P113,33,183,8857
P113,34,140,8997
P113,35,155,9151
P113,36,152,9304
P113,37,153,9457
P113,38,189,9646
P113,39,120,9765
P113,40,123,9888
P113,41,124,10012
P113,42,105,10117
P113,43,123,10240
P113,44,128,10368
P113,45,86,10454
P113,46,90,10544
P113,47,113,10658
P113,48,72,10730
P113,49,49,10779
P113,50,96,10875
P113,51,110,10985
P113,52,9,10994
P114,1,6400,6400
P114,2,8840,15240
P114,3,7361,22601
P114,4,6840,29440
P114,5,7066,36507
P114,6,6705,43212
P114,7,8420,51632
P114,8,7046,58678
P114,9,6697,65375
P114,10,5342,70717
P114,11,5419,76136
P114,12,5269,81405
P114,13,3532,84937
P114,14,3304,88240
P114,15,2852,91092
P114,16,2311,93404
P114,17,1909,95313
P114,18,1421,96734
P114,19,1118,97852
P114,20,895,98747
P114,21,735,99482
P114,22,332,99814
P114,23,517,100331
P114,24,0,100331
P114,25,196,100527
P114,26,395,100922
P114,27,269,101191
P114,28,162,101353
P114,29,0,101353
P114,30,138,101491
P114,31,0,101491
P114,32,277,101768
P114,33,0,101768
P114,34,0,101768
P114,35,0,101768
P114,36,43,101811
P114,37,0,101811
P114,38,0,101811
P114,39,186,101997
P114,40,211,102208
P114,41,38,102246
P114,42,391,102636
P114,43,83,102719
P114,44,0,102719
P114,45,35,102754
P114,46,127,102882
P114,47,0,102882
P114,48,0,102882
P114,49,90,102972
P114,50,0,102972
P114,51,412,103384
P114,52,0,103384
P115,1,1256,1256
P115,2,1092,2349
P115,3,1730,4079
P115,4,1847,5926
P115,5,1578,7504
P115,6,2095,9600
P115,7,1363,10963
P115,8,1538,12501
P115,9,1676,14178
P115,10,1354,15532
P115,11,1331,16863
P115,12,1202,18065
P115,13,1115,19180
P115,14,621,19801
P115,15,782,20583
P115,16,776,21359
P115,17,571,21930
P115,18,628,22557
P115,19,447,23004
P115,20,336,23340
P115,21,219,23559
P115,22,275,23834
P115,23,184,24018
P115,24,154,24172
P115,25,108,24280
P115,26,66,24346
P115,27,96,24442
P115,28,61,24502
P115,29,95,24597
P115,30,160,24758
P115,31,20,24778
P115,32,56,24834
P115,33,101,24934
P115,34,0,24934
P115,35,0,24934
P115,36,0,24934
P115,37,0,24934
P115,38,26,24960
P115,39,27,24987
P115,40,0,24987
P115,41,6,24994
P115,42,0,24994
P115,43,0,24994
P115,44,0,24994
P115,45,0,24994
P115,46,73,25066
P115,47,89,25155
P115,48,40,25195
P115,49,0,25195
P115,50,10,25205
P115,51,0,25205
P115,52,51,25256
P116,1,2455,2455
P116,2,3399,5854
P116,3,4174,10028
P116,4,4173,14201
P116,5,5282,19483
P116,6,5310,24794
P116,7,6238,31032
P116,8,6077,37109
P116,9,4376,41485
P116,10,5333,46818
P116,11,5601,52419
P116,12,4685,57104
P116,13,4463,61567
P116,14,4706,66273
P116,15,3621,69894
P116,16,3301,73195
P116,17,2337,75532
P116,18,2451,77983
P116,19,1981,79964
P116,20,1420,81384
P116,21,1441,82826
P116,22,1334,84159
P116,23,951,85110
P116,24,898,86008
P116,25,852,86860
P116,26,355,87215
P116,27,784,87999
P116,28,379,88378
P116,29,121,88500
P116,30,481,88980
P116,31,189,89170
P116,32,112,89281
P116,33,0,89281
P116,34,0,89281
P116,35,0,89281
P116,36,281,89562
P116,37,0,89562
P116,38,0,89562
P116,39,173,89735
P116,40,235,89970
P116,41,40,90011
P116,42,442,90453
P116,43,0,90453
P116,44,30,90483
P116,45,89,90572
P116,46,41,90614
P116,47,0,90614
P116,48,0,90614
P116,49,67,90681
P116,50,176,90857
P116,51,0,90857
P116,52,333,91190
P117,1,271,271
P117,2,262,533
P117,3,354,887
P117,4,342,1229
P117,5,311,1541
P117,6,420,1960
P117,7,429,2389
P117,8,400,2789
P117,9,418,3207
P117,10,446,3653
P117,11,461,4114
P117,12,531,4645
P117,13,435,5080
P117,14,483,5563
P117,15,400,5963
P117,16,416,6379
P117,17,497,6876
P117,18,407,7283
P117,19,306,7588
P117,20,281,7870
P117,21,280,8150
P117,22,247,8397
P117,23,243,8640
P117,24,199,8838
P117,25,142,8980
P117,26,125,9105
P117,27,122,9228
P117,28,112,9340
P117,29,94,9434
P117,30,80,9514
P117,31,72,9586
P117,32,72,9658
P117,33,50,9708
P117,34,4,9712
P117,35,17,9729
P117,36,5,9734
P117,37,28,9762
P117,38,12,9774
P117,39,0,9774
P117,40,10,9784
P117,41,0,9784
P117,42,0,9784
P117,43,28,9813
P117,44,35,9847
P117,45,1,9848
P117,46,0,9848
P117,47,0,9848
P117,48,26,9874
P117,49,9,9884
P117,50,25,9909
P117,51,0,9909
P117,52,4,9912
P118,1,149,149
P118,2,188,336
P118,3,247,584
P118,4,201,784
P118,5,234,1018
P118,6,278,1296
P118,7,390,1686
P118,8,348,2034
P118,9,380,2415
P118,10,398,2813
P118,11,402,3215
P118,12,375,3590
P118,13,612,4201
P118,14,482,4683
P118,15,348,5031
P118,16,510,5541
P118,17,457,5998
P118,18,490,6489
P118,19,375,6864
P118,20,308,7172
P118,21,329,7501
P118,22,317,7818
P118,23,315,8133
P118,24,196,8330
P118,25,208,8538
P118,26,210,8747
P118,27,187,8934
P118,28,166,9101
P118,29,128,9229
P118,30,107,9336
P118,31,95,9431
P118,32,79,9510
P118,33,121,9631
P118,34,79,9711
P118,35,81,9791
P118,36,55,9846
P118,37,24,9870
P118,38,42,9912
P118,39,32,9944
P118,40,9,9953
P118,41,9,9963
P118,42,28,9991
P118,43,15,10006
P118,44,37,10043
P118,45,25,10068
P118,46,0,10068
P118,47,20,10088
P118,48,38,10125
P118,49,37,10162
P118,50,0,10162
P118,51,7,10169
P118,52,13,10182
P119,1,157,157
P119,2,114,270
P119,3,433,703
P119,4,219,922
P119,5,155,1076
P119,6,138,1215
P119,7,322,1537
P119,8,195,1732
P119,9,530,2261
P119,10,433,2694
P119,11,463,3158
P119,12,311,3469
P119,13,711,4180
P119,14,567,4746
P119,15,797,5543
P119,16,885,6428
P119,17,1012,7440
P119,18,1204,8644
P119,19,729,9373
P119,20,981,10354
P119,21,1092,11446
P119,22,1103,12548
P119,23,1356,13904
P119,24,1548,15453
P119,25,1615,17067
P119,26,1668,18735
P119,27,1968,20703
P119,28,1874,22577
P119,29,1512,24090
P119,30,1839,25929
P119,31,2174,28103
P119,32,1667,29770
P119,33,2244,32014
P119,34,2261,34274
P119,35,1653,35928
P119,36,1893,37821
P119,37,1602,39423
P119,38,1828,41252
P119,39,1351,42602
P119,40,1659,44261
P119,41,1577,45838
P119,42,1533,47371
P119,43,1345,48716
P119,44,1171,49886
P119,45,1171,51057
P119,46,960,52017
P119,47,1169,53186
P119,48,1082,54268
P119,49,814,55082
P119,50,559,55641
P119,51,632,56272
P119,52,343,56615
P120,1,309,309
P120,2,318,628
P120,3,284,911
P120,4,375,1287
P120,5,336,1623
P120,6,364,1986
P120,7,269,2256
P120,8,306,2561
P120,9,253,2814
P120,10,328,3143
P120,11,322,3465
P120,12,282,3747
P120,13,310,4058
P120,14,275,4333
P120,15,288,4621
P120,16,207,4827
P120,17,319,5146
P120,18,209,5355
P120,19,190,5546
P120,20,223,5768
P120,21,226,5994
P120,22,229,6223
P120,23,133,6357
P120,24,170,6527
P120,25,158,6685
P120,26,134,6820
P120,27,89,6908
P120,28,84,6992
P120,29,58,7050
P120,30,77,7128
P120,31,68,7195
P120,32,80,7276
P120,33,65,7341
P120,34,71,7412
P120,35,57,7468
P120,36,58,7526
P120,37,63,7590
P120,38,34,7623
P120,39,50,7673
P120,40,8,7681
P120,41,9,7689
P120,42,18,7707
P120,43,23,7730
P120,44,8,7738
P120,45,0,7738
P120,46,12,7750
P120,47,12,7762
P120,48,0,7762
P120,49,32,7794
P120,50,29,7824
P120,51,0,7824
P120,52,14,7838
P121,1,1338,1338
P121,2,2153,3492
P121,3,1931,5423
P121,4,2381,7803
P121,5,2372,10175
P121,6,3598,13773
P121,7,2766,16539
P121,8,3255,19794
P121,9,2982,22776
P121,10,2368,25143
P121,11,2970,28114
P121,12,3077,31191
P121,13,2543,33735
P121,14,2354,36088
P121,15,2390,38479
P121,16,2184,40662
P121,17,1796,42458
P121,18,1816,44275
P121,19,1213,45488
P121,20,1226,46714
P121,21,991,47705
P121,22,952,48657
P121,23,811,49468
P121,24,765,50233
P121,25,564,50797
P121,26,374,51170
P121,27,314,51485
P121,28,306,51791
P121,29,342,52132
P121,30,270,52402
P121,31,113,52515
P121,32,203,52718
P121,33,62,52780
P121,34,0,52780
P121,35,211,52991
P121,36,0,52991
P121,37,61,53052
P121,38,0,53052
P121,39,84,53136
P121,40,76,53212
P121,41,134,53346
P121,42,0,53346
P121,43,0,53346
P121,44,117,53463
P121,45,193,53657
P121,46,0,53657
P121,47,11,53668
P121,48,87,53755
P121,49,0,53755
P121,50,267,54022
P121,51,0,54022
P121,52,0,54022
P122,1,91,91
P122,2,95,186
P122,3,110,295
P122,4,140,435
P122,5,145,581
P122,6,177,758
P122,7,157,915
P122,8,145,1060
P122,9,143,1203
P122,10,152,1355
P122,11,202,1557
P122,12,208,1765
P122,13,184,1949
P122,14,109,2057
P122,15,190,2248
P122,16,220,2468
P122,17,223,2691
P122,18,225,2915
P122,19,211,3127
P122,20,240,3367
P122,21,214,3580
P122,22,273,3854
P122,23,217,4070
P122,24,284,4355
P122,25,249,4604
P122,26,268,4872
P122,27,310,5182
P122,28,267,5449
P122,29,215,5664
P122,30,242,5906
P122,31,225,6131
P122,32,231,6362
P122,33,248,6610
P122,34,194,6803
P122,35,206,7010
P122,36,184,7194
P122,37,222,7416
P122,38,218,7633
P122,39,148,7781
P122,40,112,7893
P122,41,151,8044
P122,42,155,8200
P122,43,174,8373
P122,44,116,8489
P122,45,103,8592
P122,46,82,8674
P122,47,93,8767
P122,48,121,8888
P122,49,102,8990
P122,50,119,9109
P122,51,60,9169
P122,52,57,9225
P123,1,336,336
P123,2,432,768
P123,3,357,1125
P123,4,479,1604
P123,5,557,2161
P123,6,528,2689
P123,7,578,3268
P123,8,663,3931
P123,9,808,4739
P123,10,892,5631
P123,11,780,6411
P123,12,977,7388
P123,13,899,8287
P123,14,770,9057
P123,15,658,9716
P123,16,862,10578
P123,17,982,11560
P123,18,641,12202
P123,19,740,12941
P123,20,658,13599
P123,21,626,14225
P123,22,507,14733
P123,23,543,15276
P123,24,584,15859
P123,25,492,16352
P123,26,223,16575
P123,27,313,16888
P123,28,158,17046
P123,29,126,17172
P123,30,151,17323
P123,31,219,17542
P123,32,116,17658
P123,33,154,17812
P123,34,82,17894
P123,35,89,17983
P123,36,57,18040
P123,37,82,18121
P123,38,25,18146
P123,39,0,18146
P123,40,0,18146
P123,41,0,18146
P123,42,49,18195
P123,43,24,18220
P123,44,0,18220
P123,45,0,18220
P123,46,21,18240
P123,47,8,18248
P123,48,0,18248
P123,49,24,18273
P123,50,2,18275
P123,51,0,18275
P123,52,51,18326
P124,1,49,49
P124,2,64,112
P124,3,58,170
P124,4,78,249
P124,5,75,324
P124,6,106,430
P124,7,153,583
P124,8,137,720
P124,9,153,873
P124,10,195,1068
P124,11,190,1258
P124,12,208,1466
P124,13,236,1702
P124,14,240,1943
P124,15,226,2168
P124,16,266,2435
P124,17,225,2659
P124,18,275,2934
P124,19,233,3167
P124,20,244,3412
P124,21,188,3599
P124,22,217,3816
P124,23,194,4010
P124,24,153,4164
P124,25,152,4315
P124,26,119,4434
P124,27,118,4552
P124,28,72,4624
P124,29,74,4698
P124,30,57,4755
P124,31,50,4804
P124,32,23,4828
P124,33,47,4875
P124,34,41,4916
P124,35,29,4945
P124,36,18,4963
P124,37,35,4998
P124,38,17,5015
P124,39,12,5028
P124,40,16,5044
P124,41,0,5044
P124,42,20,5063
P124,43,3,5066
P124,44,0,5066
P124,45,7,5073
P124,46,2,5075
P124,47,19,5094
P124,48,28,5122
P124,49,0,5122
P124,50,0,5122
P124,51,0,5122
P124,52,0,5123
P125,1,575,575
P125,2,505,1080
P125,3,478,1559
P125,4,507,2065
P125,5,603,2668
P125,6,587,3255
P125,7,547,3802
P125,8,583,4385
P125,9,582,4968
P125,10,605,5573
P125,11,587,6160
P125,12,524,6684
P125,13,428,7112
P125,14,440,7552
P125,15,415,7967
P125,16,410,8377
P125,17,327,8704
P125,18,301,9005
P125,19,330,9336
P125,20,281,9617
P125,21,228,9845
P125,22,196,10041
P125,23,188,10229
P125,24,151,10380
P125,25,147,10527
P125,26,116,10643
P125,27,147,10790
P125,28,117,10907
P125,29,94,11001
P125,30,138,11139
P125,31,91,11229
P125,32,79,11308
P125,33,122,11430
P125,34,34,11465
P125,35,65,11530
P125,36,3,11533
P125,37,86,11618
P125,38,59,11678
P125,39,30,11708
P125,40,15,11723
P125,41,26,11748
P125,42,38,11787
P125,43,44,11831
P125,44,46,11877
P125,45,53,11930
P125,46,0,11930
P125,47,0,11930
P125,48,7,11937
P125,49,0,11937
P125,50,0,11937
P125,51,7,11944
P125,52,28,11972
P126,1,85,85
P126,2,79,163
P126,3,96,259
P126,4,148,407
P126,5,168,575
P126,6,122,697
P126,7,125,822
P126,8,200,1022
P126,9,211,1233
P126,10,208,1441
P126,11,205,1646
P126,12,241,1887
P126,13,284,2170
P126,14,286,2456
P126,15,299,2755
P126,16,233,2988
P126,17,289,3277
P126,18,194,3471
P126,19,208,3679
P126,20,196,3875
P126,21,159,4034
P126,22,134,4168
P126,23,160,4329
P126,24,133,4462
P126,25,123,4585
P126,26,98,4683
P126,27,111,4794
P126,28,98,4893
P126,29,64,4956
P126,30,72,5028
P126,31,59,5088
P126,32,35,5123
P126,33,25,5148
P126,34,21,5169
P126,35,10,5178
P126,36,11,5190
P126,37,9,5198
P126,38,18,5216
P126,39,0,5216
P126,40,18,5234
P126,41,6,5240
P126,42,10,5250
P126,43,10,5260
P126,44,0,5260
P126,45,33,5293
P126,46,12,5305
P126,47,3,5308
P126,48,2,5310
P126,49,0,5310
P126,50,0,5310
P126,51,4,5314
P126,52,0,5314
P127,1,25,25
P127,2,30,55
P127,3,39,94
P127,4,45,139
P127,5,50,190
P127,6,60,250
P127,7,83,333
P127,8,52,385
P127,9,72,457
P127,10,76,533
P127,11,74,608
P127,12,63,671
P127,13,61,732
P127,14,45,776
P127,15,48,825
P127,16,45,870
P127,17,45,914
P127,18,38,952
P127,19,28,980
P127,20,26,1006
P127,21,17,1023
P127,22,17,1040
P127,23,14,1054
P127,24,8,1062
P127,25,7,1069
P127,26,7,1076
P127,27,2,1077
P127,28,1,1078
P127,29,3,1081
P127,30,0,1081
P127,31,4,1085
P127,32,4,1089
P127,33,0,1089
P127,34,1,1091
P127,35,4,1094
P127,36,1,1096
P127,37,3,1099
P127,38,1,1100
P127,39,0,1100
P127,40,0,1100
P127,41,0,1100
P127,42,0,1101
P127,43,5,1105
P127,44,0,1105
P127,45,0,1105
P127,46,1,1106
P127,47,0,1106
P127,48,3,1109
P127,49,2,1111
P127,50,3,1114
P127,51,0,1114
P127,52,4,1117
P128,1,1047,1047
P128,2,852,1899
P128,3,1093,2992
P128,4,1032,4024
P128,5,1216,5240
P128,6,1670,6911
P128,7,1203,8114
P128,8,1128,9241
P128,9,928,10170
P128,10,1297,11467
P128,11,1264,12730
P128,12,1284,14014
P128,13,1281,15295
P128,14,1148,16443
P128,15,971,17414
P128,16,1101,18515
P128,17,1227,19742
P128,18,661,20404
P128,19,657,21061
P128,20,922,21982
P128,21,578,22561
P128,22,576,23137
P128,23,467,23604
P128,24,566,24170
P128,25,604,24773
P128,26,457,25230
P128,27,384,25615
P128,28,376,25991
P128,29,144,26134
P128,30,108,26242
P128,31,195,26437
P128,32,90,26527
P128,33,122,26649
P128,34,88,26737
P128,35,114,26852
P128,36,112,26963
P128,37,123,27086
P128,38,0,27086
P128,39,0,27086
P128,40,0,27086
P128,41,69,27155
P128,42,64,27219
P128,43,34,27253
P128,44,6,27259
P128,45,0,27259
P128,46,92,27351
P128,47,0,27351
P128,48,22,27373
P128,49,26,27399
P128,50,95,27494
P128,51,0,27494
P128,52,0,27494
P129,1,729,729
P129,2,806,1535
P129,3,971,2506
P129,4,1042,3548
P129,5,1337,4886
P129,6,1516,6401
P129,7,1945,8346
P129,8,1674,10021
P129,9,1636,11657
P129,10,1624,13281
P129,11,1966,15247
P129,12,1852,17099
P129,13,2422,19521
P129,14,2443,21964
P129,15,1617,23581
P129,16,2915,26496
P129,17,2181,28677
P129,18,1900,30577
P129,19,2208,32785
P129,20,1320,34105
P129,21,1208,35313
P129,22,1406,36719
P129,23,863,37582
P129,24,1200,38782
P129,25,1156,39939
P129,26,884,40822
P129,27,790,41613
P129,28,474,42087
P129,29,483,42570
P129,30,404,42975
P129,31,572,43547
P129,32,426,43972
P129,33,276,44248
P129,34,233,44481
P129,35,262,44743
P129,36,506,45249
P129,37,227,45475
P129,38,224,45700
P129,39,132,45832
P129,40,250,46081
P129,41,12,46093
P129,42,124,46217
P129,43,92,46309
P129,44,135,46444
P129,45,0,46444
P129,46,41,46485
P129,47,33,46518
P129,48,0,46518
P129,49,68,46586
P129,50,82,46669
P129,51,28,46696
P129,52,0,46696
P130,1,159,159
P130,2,219,377
P130,3,173,550
P130,4,257,807
P130,5,232,1039
P130,6,190,1228
P130,7,241,1469
P130,8,214,1683
P130,9,222,1905
P130,10,223,2128
P130,11,211,2339
P130,12,205,2544
P130,13,227,2770
P130,14,239,3009
P130,15,185,3195
P130,16,150,3344
P130,17,174,3518
P130,18,166,3684
P130,19,139,3822
P130,20,144,3967
P130,21,122,4089
P130,22,128,4218
P130,23,131,4348
P130,24,95,4443
P130,25,81,4524
P130,26,103,4627
P130,27,98,4725
P130,28,92,4817
P130,29,76,4893
P130,30,56,4949
P130,31,58,5007
P130,32,37,5044
P130,33,44,5088
P130,34,23,5112
P130,35,56,5168
P130,36,28,5196
P130,37,37,5233
P130,38,18,5251
P130,39,59,5310
P130,40,27,5337
P130,41,25,5362
P130,42,28,5390
P130,43,10,5400
P130,44,17,5417
P130,45,14,5431
P130,46,22,5453
P130,47,0,5453
P130,48,0,5453
P130,49,7,5460
P130,50,9,5469
P130,51,5,5474
P130,52,0,5474
P131,1,2688,2688
P131,2,2783,5472
P131,3,3558,9030
P131,4,2374,11404
P131,5,3818,15222
P131,6,3548,18770
P131,7,3606,22376
P131,8,2995,25372
P131,9,3063,28434
P131,10,3214,31649
P131,11,3337,34986
P131,12,3554,38541
P131,13,3240,41781
P131,14,2728,44509
P131,15,2765,47274
P131,16,2723,49997
P131,17,2380,52377
P131,18,2621,54998
P131,19,2165,57163
P131,20,2060,59223
P131,21,1510,60733
P131,22,1639,62372
P131,23,1661,64033
P131,24,1200,65233
P131,25,1180,66414
P131,26,1224,67637
P131,27,698,68336
P131,28,734,69070
P131,29,651,69721
P131,30,539,70260
P131,31,422,70682
P131,32,507,71189
P131,33,424,71613
P131,34,285,71898
P131,35,279,72177
P131,36,102,72280
P131,37,10,72289
P131,38,0,72289
P131,39,270,72559
P131,40,0,72559
P131,41,40,72600
P131,42,0,72600
P131,43,101,72700
P131,44,158,72858
P131,45,92,72950
P131,46,100,73050
P131,47,54,73104
P131,48,64,73168
P131,49,100,73268
P131,50,24,73292
P131,51,0,73292
P131,52,96,73389
P132,1,156,156
P132,2,206,361
P132,3,294,655
P132,4,321,976
P132,5,400,1376
P132,6,423,1800
P132,7,519,2319
P132,8,639,2958
P132,9,966,3924
P132,10,946,4870
P132,11,764,5634
P132,12,1078,6713
P132,13,956,7669
P132,14,1233,8902
P132,15,1069,9971
P132,16,956,10927
P132,17,1066,11994
P132,18,905,12899
P132,19,1063,13962
P132,20,675,14637
P132,21,717,15354
P132,22,608,15963
P132,23,499,16462
P132,24,366,16828
P132,25,249,17077
P132,26,339,17416
P132,27,159,17575
P132,28,217,17792
P132,29,142,17935
P132,30,163,18098
P132,31,151,18248
P132,32,73,18322
P132,33,39,18360
P132,34,101,18462
P132,35,0,18462
P132,36,96,18558
P132,37,34,18591
P132,38,77,18669
P132,39,3,18672
P132,40,0,18672
P132,41,0,18672
P132,42,12,18684
P132,43,0,18684
P132,44,30,18715
P132,45,46,18761
P132,46,0,18761
P132,47,0,18761
P132,48,0,18761
P132,49,10,18771
P132,50,26,18797
P132,51,50,18848
P132,52,0,18848
P133,1,70,70
P133,2,39,109
P133,3,141,250
P133,4,107,357
P133,5,125,482
P133,6,171,652
P133,7,84,736
P133,8,168,904
P133,9,204,1108
P133,10,253,1361
P133,11,318,1680
P133,12,207,1886
P133,13,125,2012
P133,14,156,2168
P133,15,216,2383
P133,16,235,2618
P133,17,370,2989
P133,18,268,3257
P133,19,241,3498
P133,20,373,3872
P133,21,368,4239
P133,22,458,4697
P133,23,444,5141
P133,24,319,5460
P133,25,450,5910
P133,26,414,6323
P133,27,546,6869
P133,28,626,7495
P133,29,562,8057
P133,30,504,8561
P133,31,584,9145
P133,32,840,9986
P133,33,840,10826
P133,34,873,11699
P133,35,759,12458
P133,36,690,13149
P133,37,668,13817
P133,38,654,14471
P133,39,875,15346
P133,40,958,16304
P133,41,758,17062
P133,42,710,17772
P133,43,714,18486
P133,44,644,19130
P133,45,881,20011
P133,46,685,20696
P133,47,904,21599
P133,48,789,22388
P133,49,847,23234
P133,50,492,23726
P133,51,649,24375
P133,52,593,24968
P134,1,45,45
P134,2,54,99
P134,3,55,154
P134,4,59,213
P134,5,53,265
P134,6,57,323
P134,7,58,380
P134,8,64,444
P134,9,47,492
P134,10,37,529
P134,11,42,571
P134,12,51,623
P134,13,64,687
P134,14,55,742
P134,15,40,782
P134,16,42,824
P134,17,50,874
P134,18,54,928
P134,19,41,969
P134,20,36,1005
P134,21,42,1047
P134,22,31,1078
P134,23,37,1115
P134,24,30,1145
P134,25,25,1170
P134,26,29,1199
P134,27,27,1226
P134,28,20,1246
P134,29,17,1263
P134,30,22,1285
P134,31,22,1307
P134,32,18,1324
P134,33,15,1339
P134,34,10,1349
P134,35,9,1358
P134,36,13,1371
P134,37,8,1379
P134,38,2,1382
P134,39,9,1391
P134,40,11,1402
P134,41,5,1406
P134,42,0,1406
P134,43,2,1408
P134,44,6,1414
P134,45,2,1416
P134,46,0,1416
P134,47,5,1421
P134,48,5,1427
P134,49,3,1430
P134,50,4,1434
P134,51,2,1436
P134,52,0,1436
P135,1,1535,1535
P135,2,1869,3404
P135,3,1296,4700
P135,4,1794,6494
P135,5,2151,8645
P135,6,1768,10413
P135,7,2064,12477
P135,8,2292,14769
P135,9,1780,16549
P135,10,2264,18813
P135,11,2244,21057
P135,12,2212,23269
P135,13,2436,25705
P135,14,2678,28384
P135,15,2774,31158
P135,16,2668,33827
P135,17,3466,37293
P135,18,1876,39169
P135,19,2991,42160
P135,20,2270,44430
P135,21,2397,46827
P135,22,2627,49454
P135,23,2398,51852
P135,24,1956,53808
P135,25,2137,55944
P135,26,1612,57557
P135,27,1555,59112
P135,28,1673,60785
P135,29,1093,61878
P135,30,1225,63102
P135,31,960,64063
P135,32,976,65039
P135,33,412,65450
P135,34,1084,66535
P135,35,564,67099
P135,36,626,67725
P135,37,894,68619
P135,38,582,69201
P135,39,268,69469
P135,40,529,69998
P135,41,615,70613
P135,42,153,70766
P135,43,508,71275
P135,44,257,71532
P135,45,523,72055
P135,46,348,72403
P135,47,537,72940
P135,48,0,72940
P135,49,151,73091
P135,50,168,73259
P135,51,24,73283
P135,52,0,73283
P136,1,209,209
P136,2,282,491
P136,3,273,764
P136,4,434,1198
P136,5,393,1591
P136,6,372,1963
P136,7,575,2538
P136,8,652,3190
P136,9,620,3810
P136,10,705,4514
P136,11,653,5168
P136,12,721,5889
P136,13,750,6638
P136,14,678,7316
P136,15,716,8033
P136,16,568,8601
P136,17,584,9185
P136,18,512,9697
P136,19,516,10213
P136,20,544,10756
P136,21,535,11291
P136,22,491,11782
P136,23,374,12156
P136,24,298,12455
P136,25,263,12717
P136,26,232,12949
P136,27,209,13158
P136,28,153,13311
P136,29,67,13378
P136,30,95,13473
P136,31,92,13565
P136,32,96,13660
P136,33,84,13744
P136,34,102,13846
P136,35,16,13862
P136,36,85,13947
P136,37,51,13998
P136,38,49,14047
P136,39,16,14063
P136,40,30,14094
P136,41,33,14127
P136,42,36,14163
P136,43,12,14174
P136,44,64,14238
P136,45,0,14238
P136,46,44,14282
P136,47,36,14318
P136,48,0,14318
P136,49,18,14336
P136,50,15,14351
P136,51,0,14351
P136,52,0,14351
P137,1,68,68
P137,2,68,136
P137,3,72,208
P137,4,68,277
P137,5,84,360
P137,6,73,433
P137,7,80,513
P137,8,57,570
P137,9,79,648
P137,10,66,714
P137,11,80,794
P137,12,106,900
P137,13,99,999
P137,14,104,1103
P137,15,117,1220
P137,16,97,1317
P137,17,110,1428
P137,18,117,1544
P137,19,102,1646
P137,20,77,1724
P137,21,68,1792
P137,22,96,1888
P137,23,97,1985
P137,24,68,2053
P137,25,117,2170
P137,26,80,2250
P137,27,80,2329
P137,28,125,2455
P137,29,62,2516
P137,30,85,2601
P137,31,90,2691
P137,32,80,2770
P137,33,48,2819
P137,34,77,2896
P137,35,77,2972
P137,36,65,3038
P137,37,52,3089
P137,38,63,3152
P137,39,46,3198
P137,40,44,3242
P137,41,38,3280
P137,42,36,3316
P137,43,56,3372
P137,44,30,3402
P137,45,21,3422
P137,46,36,3458
P137,47,39,3497
P137,48,22,3519
P137,49,27,3546
P137,50,22,3568
P137,51,17,3585
P137,52,31,3616
P138,1,0,0
P138,2,12,12
P138,3,11,23
P138,4,1,24
P138,5,10,33
P138,6,7,40
P138,7,12,52
P138,8,16,68
P138,9,10,78
P138,10,10,87
P138,11,27,115
P138,12,20,134
P138,13,25,160
P138,14,38,198
P138,15,10,208
P138,16,24,232
P138,17,22,254
P138,18,34,289
P138,19,47,336
P138,20,51,387
P138,21,42,429
P138,22,24,452
P138,23,60,512
P138,24,60,572
P138,25,58,629
P138,26,53,682
P138,27,87,769
P138,28,60,829
P138,29,70,899
P138,30,69,968
P138,31,67,1034
P138,32,79,1113
P138,33,87,1200
P138,34,103,1303
P138,35,80,1382
P138,36,104,1487
P138,37,126,1613
P138,38,87,1700
P138,39,116,1816
P138,40,91,1907
P138,41,88,1995
P138,42,98,2092
P138,43,80,2172
P138,44,95,2268
P138,45,101,2368
P138,46,88,2456
P138,47,94,2550
P138,48,79,2628
P138,49,95,2723
P138,50,91,2814
P138,51,23,2838
P138,52,66,2904
P139,1,429,429
P139,2,566,995
P139,3,672,1667
P139,4,903,2570
P139,5,855,3425
P139,6,854,4278
P139,7,1098,5376
P139,8,1171,6547
P139,9,1116,7663
P139,10,1244,8907
P139,11,1047,9954
P139,12,1119,11073
P139,13,1011,12084
P139,14,814,12897
P139,15,891,13788
P139,16,570,14359
P139,17,771,15130
P139,18,520,15650
P139,19,478,16128
P139,20,350,16478
P139,21,362,16840
P139,22,303,17143
P139,23,225,17368
P139,24,209,17576
P139,25,172,17748
P139,26,54,17801
P139,27,198,17999
P139,28,49,18048
P139,29,34,18082
P139,30,42,18124
P139,31,0,18124
P139,32,68,18192
P139,33,0,18192
P139,34,0,18192
P139,35,0,18192
P139,36,0,18192
P139,37,41,18233
P139,38,0,18233
P139,39,4,18236
P139,40,0,18236
P139,41,40,18276
P139,42,0,18276
P139,43,0,18276
P139,44,0,18276
P139,45,0,18276
P139,46,75,18352
P139,47,0,18352
P139,48,20,18371
P139,49,34,18406
P139,50,59,18464
P139,51,0,18464
P139,52,0,18464
P140,1,476,476
P140,2,434,910
P140,3,550,1459
P140,4,495,1954
P140,5,556,2510
P140,6,643,3153
P140,7,508,3662
P140,8,572,4234
P140,9,627,4862
P140,10,560,5421
P140,11,568,5989
P140,12,533,6522
P140,13,373,6895
P140,14,345,7240
P140,15,272,7512
P140,16,257,7769
P140,17,231,8000
P140,18,179,8179
P140,19,170,8349
P140,20,152,8501
P140,21,82,8583
P140,22,90,8674
P140,23,54,8728
P140,24,5,8732
P140,25,53,8785
P140,26,33,8819
P140,27,55,8873
P140,28,19,8893
P140,29,42,8935
P140,30,0,8935
P140,31,27,8962
P140,32,38,8999
P140,33,16,9015
P140,34,0,9015
P140,35,33,9048
P140,36,33,9081
P140,37,0,9081
P140,38,21,9102
P140,39,0,9102
P140,40,37,9139
P140,41,9,9148
P140,42,0,9148
P140,43,0,9148
P140,44,1,9149
P140,45,0,9149
P140,46,0,9149
P140,47,0,9149
P140,48,19,9168
P140,49,9,9178
P140,50,31,9209
P140,51,40,9249
P140,52,0,9249
P141,1,12,12
P141,2,27,38
P141,3,33,71
P141,4,24,95
P141,5,12,107
P141,6,28,135
P141,7,49,184
P141,8,62,246
P141,9,11,257
P141,10,30,287
P141,11,38,325
P141,12,15,340
P141,13,60,400
P141,14,36,436
P141,15,44,480
P141,16,55,535
P141,17,78,612
P141,18,31,644
P141,19,80,724
P141,20,68,792
P141,21,56,848
P141,22,100,949
P141,23,104,1052
P141,24,95,1147
P141,25,56,1203
P141,26,126,1328
P141,27,122,1451
P141,28,122,1573
P141,29,164,1737
P141,30,146,1883
P141,31,145,2028
P141,32,140,2168
P141,33,125,2293
P141,34,175,2468
P141,35,162,2630
P141,36,148,2778
P141,37,185,2963
P141,38,148,3111
P141,39,164,3275
P141,40,220,3495
P141,41,140,3635
P141,42,173,3808
P141,43,187,3995
P141,44,134,4129
P141,45,168,4297
P141,46,164,4461
P141,47,121,4582
P141,48,144,4726
P141,49,132,4857
P141,50,92,4950
P141,51,158,5108
P141,52,112,5219
P142,1,747,747
P142,2,1087,1833
P142,3,1381,3215
P142,4,1323,4538
P142,5,1780,6318
P142,6,1595,7914
P142,7,1448,9362
P142,8,1682,11043
P142,9,2127,13170
P142,10,2196,15366
P142,11,1510,16876
P142,12,1506,18382
P142,13,1315,19697
P142,14,1496,21193
P142,15,1107,22300
P142,16,979,23279
P142,17,907,24186
P142,18,740,24926
P142,19,436,25362
P142,20,467,25829
P142,21,366,26195
P142,22,291,26486
P142,23,139,26624
P142,24,152,26776
P142,25,55,26831
P142,26,134,26965
P142,27,179,27144
P142,28,72,27216
P142,29,101,27317
P142,30,0,27317
P142,31,75,27392
P142,32,0,27392
P142,33,74,27466
P142,34,74,27540
P142,35,0,27540
P142,36,0,27540
P142,37,0,27540
P142,38,32,27572
P142,39,0,27572
P142,40,0,27572
P142,41,0,27572
P142,42,0,27572
P142,43,72,27644
P142,44,0,27644
P142,45,0,27644
P142,46,56,27700
P142,47,0,27700
P142,48,62,27762
P142,49,25,27788
P142,50,0,27788
P142,51,26,27813
P142,52,0,27813
P143,1,16,16
P143,2,19,35
P143,3,19,54
P143,4,19,73
P143,5,15,88
P143,6,22,110
P143,7,21,131
P143,8,23,155
P143,9,31,185
P143,10,21,206
P143,11,22,228
P143,12,30,258
P143,13,22,281
P143,14,28,308
P143,15,27,335
P143,16,28,364
P143,17,35,399
P143,18,27,426
P143,19,26,452
P143,20,23,475
P143,21,23,498
P143,22,29,527
P143,23,24,551
P143,24,32,583
P143,25,24,608
P143,26,21,629
P143,27,29,658
P143,28,26,684
P143,29,24,708
P143,30,19,727
P143,31,22,749
P143,32,22,772
P143,33,14,786
P143,34,18,804
P143,35,15,819
P143,36,19,837
P143,37,14,851
P143,38,15,866
P143,39,12,878
P143,40,13,890
P143,41,14,905
P143,42,13,918
P143,43,5,923
P143,44,14,937
P143,45,14,951
P143,46,10,961
P143,47,5,966
P143,48,10,976
P143,49,6,982
P143,50,4,985
P143,51,8,994
P143,52,9,1003
P144,1,7,7
P144,2,11,18
P144,3,4,22
P144,4,16,38
P144,5,8,46
P144,6,4,50
P144,7,14,63
P144,8,15,79
P144,9,15,94
P144,10,28,122
P144,11,41,163
P144,12,31,194
P144,13,46,240
P144,14,32,272
P144,15,57,329
P144,16,60,389
P144,17,74,463
P144,18,82,545
P144,19,80,626
P144,20,86,712
P144,21,131,843
P144,22,115,957
P144,23,147,1104
P144,24,120,1224
P144,25,114,1338
P144,26,130,1468
P144,27,118,1586
P144,28,140,1726
P144,29,119,1844
P144,30,123,1968
P144,31,134,2101
P144,32,130,2231
P144,33,105,2337
P144,34,112,2448
P144,35,89,2538
P144,36,76,2614
P144,37,67,2681
P144,38,56,2738
P144,39,68,2806
P144,40,50,2856
P144,41,52,2908
P144,42,45,2953
P144,43,27,2981
P144,44,23,3004
P144,45,19,3023
P144,46,18,3041
P144,47,11,3052
P144,48,9,3061
P144,49,20,3081
P144,50,2,3084
P144,51,14,3097
P144,52,20,3117
P145,1,8,8
P145,2,1,9
P145,3,10,19
P145,4,14,34
P145,5,18,52
P145,6,10,62
P145,7,18,79
P145,8,23,102
P145,9,23,125
P145,10,30,154
P145,11,38,192
P145,12,35,227
P145,13,45,272
P145,14,57,329
P145,15,62,391
P145,16,77,468
P145,17,95,563
P145,18,74,637
P145,19,91,728
P145,20,103,831
P145,21,81,912
P145,22,89,1002
P145,23,99,1100
P145,24,102,1202
P145,25,88,1290
P145,26,78,1368
P145,27,44,1412
P145,28,62,1475
P145,29,51,1526
P145,30,47,1573
P145,31,40,1612
P145,32,27,1640
P145,33,34,1674
P145,34,22,1696
P145,35,28,1724
P145,36,13,1737
P145,37,21,1758
P145,38,14,1771
P145,39,16,1787
P145,40,12,1799
P145,41,6,1804
P145,42,10,1814
P145,43,6,1821
P145,44,9,1830
P145,45,5,1835
P145,46,3,1838
P145,47,2,1840
P145,48,4,1844
P145,49,0,1844
P145,50,7,1851
P145,51,6,1857
P145,52,1,1858
P146,1,459,459
P146,2,432,891
P146,3,424,1316
P146,4,393,1709
P146,5,389,2098
P146,6,425,2523
P146,7,360,2883
P146,8,368,3251
P146,9,328,3578
P146,10,399,3978
P146,11,344,4321
P146,12,393,4714
P146,13,411,5125
P146,14,422,5547
P146,15,336,5883
P146,16,237,6120
P146,17,334,6454
P146,18,298,6752
P146,19,266,7018
P146,20,300,7318
P146,21,248,7566
P146,22,234,7799
P146,23,194,7993
P146,24,201,8194
P146,25,190,8385
P146,26,166,8551
P146,27,177,8728
P146,28,217,8945
P146,29,235,9180
P146,30,199,9379
P146,31,177,9556
P146,32,186,9742
P146,33,138,9880
P146,34,173,10053
P146,35,172,10225
P146,36,158,10383
P146,37,124,10507
P146,38,140,10646
P146,39,118,10765
P146,40,83,10847
P146,41,118,10965
P146,42,112,11077
P146,43,115,11192
P146,44,127,11319
P146,45,120,11440
P146,46,85,11525
P146,47,72,11597
P146,48,50,11647
P146,49,52,11699
P146,50,35,11734
P146,51,71,11804
P146,52,37,11841
P147,1,354,354
P147,2,403,757
P147,3,319,1076
P147,4,509,1585
P147,5,696,2281
P147,6,686,2967
P147,7,985,3952
P147,8,1079,5032
P147,9,1009,6041
P147,10,1307,7348
P147,11,1294,8642
P147,12,1640,10282
P147,13,1404,11686
P147,14,1822,13508
P147,15,1375,14883
P147,16,1393,16276
P147,17,1919,18195
P147,18,2241,20436
P147,19,1678,22114
P147,20,1938,24052
P147,21,1353,25405
P147,22,1512,26917
P147,23,1429,28346
P147,24,1399,29745
P147,25,1045,30790
P147,26,1012,31802
P147,27,884,32685
P147,28,497,33183
P147,29,735,33917
P147,30,719,34636
P147,31,758,35394
P147,32,532,35926
P147,33,598,36524
P147,34,304,36828
P147,35,325,37152
P147,36,222,37375
P147,37,98,37473
P147,38,320,37793
P147,39,166,37959
P147,40,167,38126
P147,41,0,38126
P147,42,115,38241
P147,43,28,38269
P147,44,23,38293
P147,45,93,38386
P147,46,0,38386
P147,47,0,38386
P147,48,0,38386
P147,49,0,38386
P147,50,0,38386
P147,51,36,38422
P147,52,106,38528
P148,1,28,28
P148,2,35,63
P148,3,40,103
P148,4,37,140
P148,5,20,160
P148,6,38,198
P148,7,50,248
P148,8,50,298
P148,9,57,355
P148,10,64,418
P148,11,50,468
P148,12,54,522
P148,13,68,590
P148,14,65,655
P148,15,55,710
P148,16,49,759
P148,17,96,856
P148,18,96,951
P148,19,68,1020
P148,20,82,1101
P148,21,91,1192
P148,22,77,1269
P148,23,102,1371
P148,24,80,1451
P148,25,85,1536
P148,26,105,1641
P148,27,87,1728
P148,28,94,1822
P148,29,74,1896
P148,30,73,1968
P148,31,106,2074
P148,32,87,2161
P148,33,75,2236
P148,34,105,2341
P148,35,87,2428
P148,36,75,2503
P148,37,100,2603
P148,38,71,2674
P148,39,71,2746
P148,40,80,2826
P148,41,92,2918
P148,42,66,2984
P148,43,70,3053
P148,44,72,3125
P148,45,51,3176
P148,46,60,3237
P148,47,80,3317
P148,48,55,3372
P148,49,29,3400
P148,50,37,3438
P148,51,42,3480
P148,52,43,3523
P149,1,9,9
P149,2,0,10
P149,3,8,18
P149,4,10,28
P149,5,6,34
P149,6,11,45
P149,7,11,55
P149,8,18,73
P149,9,23,96
P149,10,10,106
P149,11,23,129
P149,12,18,147
P149,13,31,178
P149,14,34,212
P149,15,49,261
P149,16,45,306
P149,17,49,355
P149,18,71,426
P149,19,82,508
P149,20,85,593
P149,21,74,668
P149,22,100,768
P149,23,100,868
P149,24,100,968
P149,25,95,1062
P149,26,86,1149
P149,27,102,1251
P149,28,111,1362
P149,29,79,1441
P149,30,75,1516
P149,31,69,1585
P149,32,68,1654
P149,33,62,1716
P149,34,68,1784
P149,35,44,1827
P149,36,29,1856
P149,37,36,1892
P149,38,33,1925
P149,39,38,1963
P149,40,23,1986
P149,41,24,2010
P149,42,17,2027
P149,43,15,2042
P149,44,18,2060
P149,45,8,2068
P149,46,15,2083
P149,47,8,2090
P149,48,1,2091
P149,49,3,2094
P149,50,0,2094
P149,51,10,2104
P149,52,2,2106
P150,1,113,113
P150,2,38,151
P150,3,108,258
P150,4,128,387
P150,5,128,515
P150,6,156,671
P150,7,253,924
P150,8,346,1269
P150,9,259,1528
P150,10,276,1804
P150,11,496,2300
P150,12,570,2870
P150,13,634,3504
P150,14,709,4212
P150,15,938,5150
P150,16,980,6130
P150,17,967,7097
P150,18,1188,8285
P150,19,1286,9571
P150,20,1605,11175
P150,21,1858,13033
P150,22,1569,14602
P150,23,1476,16078
P150,24,1494,17572
P150,25,1498,19071
P150,26,1396,20467
P150,27,1468,21935
P150,28,1404,23339
P150,29,940,24279
P150,30,981,25260
P150,31,896,26156
P150,32,697,26853
P150,33,527,27380
P150,34,592,27973
P150,35,447,28419
P150,36,251,28670
P150,37,287,28957
P150,38,342,29300
P150,39,406,29705
P150,40,266,29972
P150,41,191,30163
P150,42,119,30282
P150,43,135,30416
P150,44,28,30444
P150,45,26,30470
P150,46,0,30470
P150,47,96,30566
P150,48,0,30566
P150,49,17,30583
P150,50,55,30638
P150,51,0,30638
P150,52,0,30638
